Year,Country,Disease,Cases,Population,Incidence,Pop_Structure_0_14_Pct,Vaccination_Coverage_Pct
1999,Austria,Measles,22.0,7982461.0,0.28,15.0,93.0
1999,Belgium,Measles,0.0,10213752.0,0.0,15.0,93.0
1999,Bulgaria,Measles,0.0,8230371.0,0.0,15.0,93.0
1999,Croatia,Measles,0.0,4527460.0,0.0,15.0,93.0
1999,Cyprus,Measles,0.0,682862.0,0.0,15.0,93.0
1999,Czechia,Measles,0.0,10289621.0,0.0,16.1,94.0
1999,Denmark,Measles,6.0,5313577.0,0.11,15.0,93.0
1999,Estonia,Measles,0.0,1379237.0,0.0,15.0,93.0
1999,Finland,Measles,0.0,5159646.0,0.0,15.0,93.0
1999,France,Measles,0.0,60158533.0,0.0,17.7,90.0
1999,Germany,Measles,0.0,82037011.0,0.0,13.8,92.0
1999,Greece,Measles,68.0,10747768.0,0.63,15.0,93.0
1999,Hungary,Measles,0.0,10253416.0,0.0,14.4,98.0
1999,Iceland,Measles,0.0,275712.0,0.0,15.0,93.0
1999,Ireland,Measles,147.0,3732006.0,3.94,15.0,93.0
1999,Italy,Measles,2908.0,56909109.0,5.11,12.7,94.0
1999,Latvia,Measles,0.0,2399248.0,0.0,15.0,93.0
1999,Liechtenstein,Measles,0.0,32015.0,0.0,15.0,93.0
1999,Lithuania,Measles,0.0,3536401.0,0.0,15.0,93.0
1999,Luxembourg,Measles,0.0,427350.0,0.0,15.0,93.0
1999,Malta,Measles,0.0,386397.0,0.0,15.0,93.0
1999,Netherlands,Measles,3056.0,15760225.0,19.39,15.0,93.0
1999,Norway,Measles,3.0,4445329.0,0.07,17.0,96.0
1999,Poland,Measles,0.0,38666983.0,0.0,15.3,93.0
1999,Portugal,Measles,0.0,10186634.0,0.0,15.0,93.0
1999,Romania,Measles,0.0,22488595.0,0.0,15.0,93.0
1999,Slovakia,Measles,0.0,5393382.0,0.0,15.8,95.0
1999,Slovenia,Measles,0.0,1978334.0,0.0,15.0,93.0
1999,Spain,Measles,0.0,40303568.0,0.0,14.2,95.0
1999,Sweden,Measles,21.0,8854322.0,0.24,17.5,97.0
1999,United Kingdom,Measles,111.0,58579685.0,0.19,17.8,91.0
2000,Austria,Measles,0.0,8002186.0,0.0,15.0,93.0
2000,Belgium,Measles,0.0,10239085.0,0.0,15.0,93.0
2000,Bulgaria,Measles,0.0,8190876.0,0.0,15.0,93.0
2000,Croatia,Measles,0.0,4497735.0,0.0,15.0,93.0
2000,Cyprus,Measles,0.0,690497.0,0.0,15.0,93.0
2000,Czechia,Measles,0.0,10278098.0,0.0,16.1,94.0
2000,Denmark,Measles,14.0,5330020.0,0.26,15.0,93.0
2000,Estonia,Measles,0.0,1401250.0,0.0,15.0,93.0
2000,Finland,Measles,0.0,5171302.0,0.0,15.0,93.0
2000,France,Measles,0.0,60545022.0,0.0,17.7,90.0
2000,Germany,Measles,0.0,82163475.0,0.0,13.8,92.0
2000,Greece,Measles,0.0,10775627.0,0.0,15.0,93.0
2000,Hungary,Measles,0.0,10221644.0,0.0,14.4,98.0
2000,Iceland,Measles,0.0,279049.0,0.0,15.0,93.0
2000,Ireland,Measles,1595.0,3777565.0,42.22,15.0,93.0
2000,Italy,Measles,1435.0,56923524.0,2.52,12.7,94.0
2000,Latvia,Measles,0.0,2381715.0,0.0,15.0,93.0
2000,Liechtenstein,Measles,0.0,32426.0,0.0,15.0,93.0
2000,Lithuania,Measles,0.0,3512074.0,0.0,15.0,93.0
2000,Luxembourg,Measles,0.0,433600.0,0.0,15.0,93.0
2000,Malta,Measles,0.0,388759.0,0.0,15.0,93.0
2000,Netherlands,Measles,328.0,15863950.0,2.07,15.0,93.0
2000,Norway,Measles,0.0,4478497.0,0.0,17.0,96.0
2000,Poland,Measles,0.0,38263303.0,0.0,15.3,93.0
2000,Portugal,Measles,1.0,10249022.0,0.01,15.0,93.0
2000,Romania,Measles,0.0,22455485.0,0.0,15.0,93.0
2000,Slovakia,Measles,0.0,5398657.0,0.0,15.8,95.0
2000,Slovenia,Measles,0.0,1987755.0,0.0,15.0,93.0
2000,Spain,Measles,0.0,40470182.0,0.0,14.2,95.0
2000,Sweden,Measles,59.0,8861426.0,0.67,17.5,97.0
2000,United Kingdom,Measles,118.0,58785246.0,0.2,17.8,91.0
2001,Austria,Measles,0.0,8020946.0,0.0,15.0,93.0
2001,Belgium,Measles,0.0,10263414.0,0.0,15.0,93.0
2001,Bulgaria,Measles,0.0,8149468.0,0.0,15.0,93.0
2001,Croatia,Measles,0.0,4295406.0,0.0,15.0,93.0
2001,Cyprus,Measles,0.0,697549.0,0.0,15.0,93.0
2001,Czechia,Measles,0.0,10232027.0,0.0,16.1,94.0
2001,Denmark,Measles,12.0,5349212.0,0.22,15.0,93.0
2001,Estonia,Measles,0.0,1392720.0,0.0,15.0,93.0
2001,Finland,Measles,0.0,5181115.0,0.0,15.0,93.0
2001,France,Measles,0.0,60979315.0,0.0,17.7,90.0
2001,Germany,Measles,6033.0,82259540.0,7.33,13.8,92.0
2001,Greece,Measles,12.0,10835989.0,0.11,15.0,93.0
2001,Hungary,Measles,0.0,10200298.0,0.0,14.4,98.0
2001,Iceland,Measles,0.0,283361.0,0.0,15.0,93.0
2001,Ireland,Measles,221.0,3832783.0,5.77,15.0,93.0
2001,Italy,Measles,826.0,56960692.0,1.45,12.7,94.0
2001,Latvia,Measles,0.0,2353384.0,0.0,15.0,93.0
2001,Liechtenstein,Measles,0.0,32863.0,0.0,15.0,93.0
2001,Lithuania,Measles,0.0,3486998.0,0.0,15.0,93.0
2001,Luxembourg,Measles,7.0,439000.0,1.59,15.0,93.0
2001,Malta,Measles,2.0,391415.0,0.51,15.0,93.0
2001,Netherlands,Measles,17.0,15987075.0,0.11,15.0,93.0
2001,Norway,Measles,5.0,4503436.0,0.11,17.0,96.0
2001,Poland,Measles,0.0,38253955.0,0.0,15.3,93.0
2001,Portugal,Measles,21.0,10330774.0,0.2,15.0,93.0
2001,Romania,Measles,0.0,22430457.0,0.0,15.0,93.0
2001,Slovakia,Measles,0.0,5378783.0,0.0,15.8,95.0
2001,Slovenia,Measles,0.0,1990094.0,0.0,15.0,93.0
2001,Spain,Measles,54.0,40665545.0,0.13,14.2,95.0
2001,Sweden,Measles,5.0,8882792.0,0.06,17.5,97.0
2001,United Kingdom,Measles,68.0,58999781.0,0.12,17.8,91.0
2002,Austria,Measles,0.0,8063640.0,0.0,15.0,93.0
2002,Belgium,Measles,0.0,10309725.0,0.0,15.0,93.0
2002,Bulgaria,Measles,0.0,7868815.0,0.0,15.0,93.0
2002,Croatia,Measles,0.0,4305494.0,0.0,15.0,93.0
2002,Cyprus,Measles,0.0,705539.0,0.0,15.0,93.0
2002,Czechia,Measles,0.0,10201182.0,0.0,16.1,94.0
2002,Denmark,Measles,32.0,5368354.0,0.6,15.0,93.0
2002,Estonia,Measles,0.0,1383510.0,0.0,15.0,93.0
2002,Finland,Measles,0.0,5194901.0,0.0,15.0,93.0
2002,France,Measles,0.0,61424036.0,0.0,17.7,90.0
2002,Germany,Measles,4665.0,82440309.0,5.66,13.8,92.0
2002,Greece,Measles,5.0,10888274.0,0.05,15.0,93.0
2002,Hungary,Measles,0.0,10174853.0,0.0,14.4,98.0
2002,Iceland,Measles,0.0,286575.0,0.0,15.0,93.0
2002,Ireland,Measles,299.0,3899702.0,7.67,15.0,93.0
2002,Italy,Measles,18020.0,56993270.0,31.62,12.7,94.0
2002,Latvia,Measles,0.0,2320956.0,0.0,15.0,93.0
2002,Liechtenstein,Measles,0.0,33525.0,0.0,15.0,93.0
2002,Lithuania,Measles,0.0,3454637.0,0.0,15.0,93.0
2002,Luxembourg,Measles,0.0,444050.0,0.0,15.0,93.0
2002,Malta,Measles,7.0,394641.0,1.77,15.0,93.0
2002,Netherlands,Measles,3.0,16105285.0,0.02,15.0,93.0
2002,Norway,Measles,5.0,4524066.0,0.11,17.0,96.0
2002,Poland,Measles,0.0,38242197.0,0.0,15.3,93.0
2002,Portugal,Measles,7.0,10394669.0,0.07,15.0,93.0
2002,Romania,Measles,0.0,21833483.0,0.0,15.0,93.0
2002,Slovakia,Measles,0.0,5378951.0,0.0,15.8,95.0
2002,Slovenia,Measles,0.0,1994026.0,0.0,15.0,93.0
2002,Spain,Measles,79.0,41035278.0,0.19,14.2,95.0
2002,Sweden,Measles,8.0,8909128.0,0.09,17.5,97.0
2002,United Kingdom,Measles,305.0,59239564.0,0.51,17.8,91.0
2003,Austria,Measles,99.0,8100273.0,1.22,15.0,93.0
2003,Belgium,Measles,44.0,10355844.0,0.42,15.0,93.0
2003,Bulgaria,Measles,0.0,7805506.0,0.0,15.0,93.0
2003,Croatia,Measles,0.0,4305384.0,0.0,15.0,93.0
2003,Cyprus,Measles,0.0,713720.0,0.0,15.0,93.0
2003,Czechia,Measles,0.0,10192649.0,0.0,16.1,94.0
2003,Denmark,Measles,0.0,5383507.0,0.0,15.0,93.0
2003,Estonia,Measles,0.0,1375190.0,0.0,15.0,93.0
2003,Finland,Measles,0.0,5206295.0,0.0,15.0,93.0
2003,France,Measles,0.0,61864088.0,0.0,17.7,90.0
2003,Germany,Measles,778.0,82536680.0,0.94,13.8,92.0
2003,Greece,Measles,8.0,10915770.0,0.07,15.0,93.0
2003,Hungary,Measles,0.0,10142362.0,0.0,14.4,98.0
2003,Iceland,Measles,0.0,288471.0,0.0,15.0,93.0
2003,Ireland,Measles,561.0,3964191.0,14.15,15.0,93.0
2003,Italy,Measles,11978.0,57186378.0,20.95,12.7,94.0
2003,Latvia,Measles,0.0,2299390.0,0.0,15.0,93.0
2003,Liechtenstein,Measles,0.0,33863.0,0.0,15.0,93.0
2003,Lithuania,Measles,0.0,3431497.0,0.0,15.0,93.0
2003,Luxembourg,Measles,1.0,448300.0,0.22,15.0,93.0
2003,Malta,Measles,1.0,397296.0,0.25,15.0,93.0
2003,Netherlands,Measles,4.0,16192572.0,0.02,15.0,93.0
2003,Norway,Measles,8.0,4552252.0,0.18,17.0,96.0
2003,Poland,Measles,0.0,38218531.0,0.0,15.3,93.0
2003,Portugal,Measles,7.0,10444592.0,0.07,15.0,93.0
2003,Romania,Measles,0.0,21627509.0,0.0,15.0,93.0
2003,Slovakia,Measles,0.0,5374873.0,0.0,15.8,95.0
2003,Slovenia,Measles,0.0,1995033.0,0.0,15.0,93.0
2003,Spain,Measles,256.0,41827838.0,0.61,14.2,95.0
2003,Sweden,Measles,3.0,8940788.0,0.03,17.5,97.0
2003,United Kingdom,Measles,399.0,59501394.0,0.67,17.8,91.0
2004,Austria,Measles,14.0,8142573.0,0.17,15.0,93.0
2004,Belgium,Measles,61.0,10396421.0,0.59,15.0,93.0
2004,Bulgaria,Measles,0.0,7745147.0,0.0,15.0,93.0
2004,Croatia,Measles,0.0,4305725.0,0.0,15.0,93.0
2004,Cyprus,Measles,0.0,722893.0,0.0,15.0,93.0
2004,Czechia,Measles,17.0,10195347.0,0.17,16.1,94.0
2004,Denmark,Measles,0.0,5397640.0,0.0,15.0,93.0
2004,Estonia,Measles,0.0,1366250.0,0.0,15.0,93.0
2004,Finland,Measles,0.0,5219732.0,0.0,15.0,93.0
2004,France,Measles,0.0,62292241.0,0.0,17.7,90.0
2004,Germany,Measles,122.0,82531671.0,0.15,13.8,92.0
2004,Greece,Measles,1.0,10940369.0,0.01,15.0,93.0
2004,Hungary,Measles,0.0,10116742.0,0.0,14.4,98.0
2004,Iceland,Measles,0.0,290570.0,0.0,15.0,93.0
2004,Ireland,Measles,326.0,4028851.0,8.09,15.0,93.0
2004,Italy,Measles,686.0,57611990.0,1.19,12.7,94.0
2004,Latvia,Measles,0.0,2276520.0,0.0,15.0,93.0
2004,Liechtenstein,Measles,0.0,34294.0,0.0,15.0,93.0
2004,Lithuania,Measles,0.0,3398929.0,0.0,15.0,93.0
2004,Luxembourg,Measles,0.0,454960.0,0.0,15.0,93.0
2004,Malta,Measles,6.0,399867.0,1.5,15.0,93.0
2004,Netherlands,Measles,5.0,16258032.0,0.03,15.0,93.0
2004,Norway,Measles,7.0,4577457.0,0.15,17.0,96.0
2004,Poland,Measles,0.0,38190608.0,0.0,15.3,93.0
2004,Portugal,Measles,1.0,10473050.0,0.01,15.0,93.0
2004,Romania,Measles,0.0,21521142.0,0.0,15.0,93.0
2004,Slovakia,Measles,0.0,5371875.0,0.0,15.8,95.0
2004,Slovenia,Measles,0.0,1996433.0,0.0,15.0,93.0
2004,Spain,Measles,26.0,42547451.0,0.06,14.2,95.0
2004,Sweden,Measles,5.0,8975670.0,0.06,17.5,97.0
2004,United Kingdom,Measles,187.0,59793759.0,0.31,17.8,91.0
2005,Austria,Measles,10.0,8201359.0,0.12,15.0,93.0
2005,Belgium,Measles,25.0,10445852.0,0.24,15.0,93.0
2005,Bulgaria,Measles,3.0,7688573.0,0.04,15.0,93.0
2005,Croatia,Measles,0.0,4310861.0,0.0,15.0,93.0
2005,Cyprus,Measles,1.0,733067.0,0.14,15.0,93.0
2005,Czechia,Measles,0.0,10198855.0,0.0,16.1,94.0
2005,Denmark,Measles,2.0,5411405.0,0.04,15.0,93.0
2005,Estonia,Measles,2.0,1358850.0,0.15,15.0,93.0
2005,Finland,Measles,0.0,5236611.0,0.0,15.0,93.0
2005,France,Measles,0.0,62772870.0,0.0,17.7,90.0
2005,Germany,Measles,778.0,82500849.0,0.94,13.8,92.0
2005,Greece,Measles,116.0,10969912.0,1.06,15.0,93.0
2005,Hungary,Measles,2.0,10097549.0,0.02,14.4,98.0
2005,Iceland,Measles,0.0,293577.0,0.0,15.0,93.0
2005,Ireland,Measles,91.0,4111672.0,2.21,15.0,93.0
2005,Italy,Measles,215.0,58044368.0,0.37,12.7,94.0
2005,Latvia,Measles,2.0,2249724.0,0.09,15.0,93.0
2005,Liechtenstein,Measles,0.0,34600.0,0.0,15.0,93.0
2005,Lithuania,Measles,1.0,3355220.0,0.03,15.0,93.0
2005,Luxembourg,Measles,0.0,461230.0,0.0,15.0,93.0
2005,Malta,Measles,4.0,402668.0,0.99,15.0,93.0
2005,Netherlands,Measles,3.0,16305526.0,0.02,15.0,93.0
2005,Norway,Measles,0.0,4606363.0,0.0,17.0,96.0
2005,Poland,Measles,14.0,38173835.0,0.04,15.3,93.0
2005,Portugal,Measles,7.0,10494672.0,0.07,15.0,93.0
2005,Romania,Measles,0.0,21382354.0,0.0,15.0,93.0
2005,Slovakia,Measles,0.0,5372685.0,0.0,15.8,95.0
2005,Slovenia,Measles,0.0,1997590.0,0.0,15.0,93.0
2005,Spain,Measles,17.0,43296338.0,0.04,14.2,95.0
2005,Sweden,Measles,11.0,9011392.0,0.12,17.5,97.0
2005,United Kingdom,Measles,77.0,60182050.0,0.13,17.8,91.0
2006,Austria,Measles,25.0,8254298.0,0.3,15.0,93.0
2006,Belgium,Measles,15.0,10511382.0,0.14,15.0,93.0
2006,Bulgaria,Measles,1.0,7629371.0,0.01,15.0,93.0
2006,Croatia,Measles,0.0,4312487.0,0.0,15.0,93.0
2006,Cyprus,Measles,0.0,744013.0,0.0,15.0,93.0
2006,Czechia,Measles,7.0,10223577.0,0.07,16.1,94.0
2006,Denmark,Measles,27.0,5427459.0,0.5,15.0,93.0
2006,Estonia,Measles,27.0,1350700.0,2.0,15.0,93.0
2006,Finland,Measles,0.0,5255580.0,0.0,15.0,93.0
2006,France,Measles,44.0,63229635.0,0.07,17.7,90.0
2006,Germany,Measles,2307.0,82437995.0,2.8,13.8,92.0
2006,Greece,Measles,519.0,11004716.0,4.72,15.0,93.0
2006,Hungary,Measles,1.0,10076581.0,0.01,14.4,98.0
2006,Iceland,Measles,0.0,299891.0,0.0,15.0,93.0
2006,Ireland,Measles,83.0,4208156.0,1.97,15.0,93.0
2006,Italy,Measles,571.0,58288996.0,0.98,12.7,94.0
2006,Latvia,Measles,7.0,2227874.0,0.31,15.0,93.0
2006,Liechtenstein,Measles,0.0,34905.0,0.0,15.0,93.0
2006,Lithuania,Measles,1.0,3289835.0,0.03,15.0,93.0
2006,Luxembourg,Measles,7.0,469086.0,1.49,15.0,93.0
2006,Malta,Measles,0.0,404999.0,0.0,15.0,93.0
2006,Netherlands,Measles,1.0,16334210.0,0.01,15.0,93.0
2006,Norway,Measles,0.0,4640219.0,0.0,17.0,96.0
2006,Poland,Measles,120.0,38157055.0,0.31,15.3,93.0
2006,Portugal,Measles,0.0,10511988.0,0.0,15.0,93.0
2006,Romania,Measles,0.0,21257016.0,0.0,15.0,93.0
2006,Slovakia,Measles,0.0,5372928.0,0.0,15.8,95.0
2006,Slovenia,Measles,0.0,2003358.0,0.0,15.0,93.0
2006,Spain,Measles,343.0,44009971.0,0.78,14.2,95.0
2006,Sweden,Measles,20.0,9047752.0,0.22,17.5,97.0
2006,United Kingdom,Measles,749.0,60620361.0,1.24,17.8,91.0
2007,Austria,Measles,20.0,8282984.0,0.24,15.0,93.0
2007,Belgium,Measles,58.0,10584534.0,0.55,15.0,93.0
2007,Bulgaria,Measles,1.0,7572673.0,0.01,15.0,93.0
2007,Croatia,Measles,0.0,4313530.0,0.0,15.0,93.0
2007,Cyprus,Measles,0.0,757916.0,0.0,15.0,93.0
2007,Czechia,Measles,2.0,10254233.0,0.02,16.1,94.0
2007,Denmark,Measles,2.0,5447084.0,0.04,15.0,93.0
2007,Estonia,Measles,1.0,1342920.0,0.07,15.0,93.0
2007,Finland,Measles,0.0,5276955.0,0.0,15.0,93.0
2007,France,Measles,41.0,63645065.0,0.06,17.7,90.0
2007,Germany,Measles,571.0,82314906.0,0.69,13.8,92.0
2007,Greece,Measles,2.0,11036008.0,0.02,15.0,93.0
2007,Hungary,Measles,0.0,10066158.0,0.0,14.4,98.0
2007,Iceland,Measles,0.0,307672.0,0.0,15.0,93.0
2007,Ireland,Measles,52.0,4340118.0,1.2,15.0,93.0
2007,Italy,Measles,595.0,58510725.0,1.02,12.7,94.0
2007,Latvia,Measles,0.0,2208840.0,0.0,15.0,93.0
2007,Liechtenstein,Measles,0.0,35168.0,0.0,15.0,93.0
2007,Lithuania,Measles,0.0,3249983.0,0.0,15.0,93.0
2007,Luxembourg,Measles,0.0,476187.0,0.0,15.0,93.0
2007,Malta,Measles,2.0,405616.0,0.49,15.0,93.0
2007,Netherlands,Measles,10.0,16357992.0,0.06,15.0,93.0
2007,Norway,Measles,20.0,4681134.0,0.43,17.0,96.0
2007,Poland,Measles,40.0,38125479.0,0.1,15.3,93.0
2007,Portugal,Measles,0.0,10532588.0,0.0,15.0,93.0
2007,Romania,Measles,0.0,21130503.0,0.0,15.0,93.0
2007,Slovakia,Measles,0.0,5373180.0,0.0,15.8,95.0
2007,Slovenia,Measles,0.0,2010377.0,0.0,15.0,93.0
2007,Spain,Measles,265.0,44784666.0,0.59,14.2,95.0
2007,Sweden,Measles,1.0,9113257.0,0.01,17.5,97.0
2007,United Kingdom,Measles,987.0,61073279.0,1.62,17.8,91.0
2008,Austria,Measles,447.0,8307989.0,5.38,15.0,93.0
2008,Belgium,Measles,98.0,10666866.0,0.92,15.0,93.0
2008,Bulgaria,Measles,1.0,7518002.0,0.01,15.0,93.0
2008,Croatia,Measles,0.0,4311967.0,0.0,15.0,93.0
2008,Cyprus,Measles,1.0,776333.0,0.13,15.0,93.0
2008,Czechia,Measles,2.0,10343422.0,0.02,16.1,94.0
2008,Denmark,Measles,12.0,5475791.0,0.22,15.0,93.0
2008,Estonia,Measles,0.0,1338440.0,0.0,15.0,93.0
2008,Finland,Measles,0.0,5300484.0,0.0,15.0,93.0
2008,France,Measles,604.0,64007193.0,0.94,17.7,90.0
2008,Germany,Measles,915.0,82217837.0,1.11,13.8,92.0
2008,Greece,Measles,1.0,11060937.0,0.01,15.0,93.0
2008,Hungary,Measles,0.0,10045401.0,0.0,14.4,98.0
2008,Iceland,Measles,0.0,315459.0,0.0,15.0,93.0
2008,Ireland,Measles,56.0,4457765.0,1.26,15.0,93.0
2008,Italy,Measles,5311.0,59001769.0,9.0,12.7,94.0
2008,Latvia,Measles,3.0,2191810.0,0.14,15.0,93.0
2008,Liechtenstein,Measles,0.0,35356.0,0.0,15.0,93.0
2008,Lithuania,Measles,1.0,3212605.0,0.03,15.0,93.0
2008,Luxembourg,Measles,0.0,483799.0,0.0,15.0,93.0
2008,Malta,Measles,1.0,407832.0,0.25,15.0,93.0
2008,Netherlands,Measles,109.0,16405399.0,0.66,15.0,93.0
2008,Norway,Measles,4.0,4737171.0,0.08,17.0,96.0
2008,Poland,Measles,100.0,38115641.0,0.26,15.3,93.0
2008,Portugal,Measles,1.0,10553339.0,0.01,15.0,93.0
2008,Romania,Measles,14.0,20635460.0,0.07,15.0,93.0
2008,Slovakia,Measles,0.0,5376064.0,0.0,15.8,95.0
2008,Slovenia,Measles,0.0,2010269.0,0.0,15.0,93.0
2008,Spain,Measles,296.0,45668939.0,0.65,14.2,95.0
2008,Sweden,Measles,25.0,9182927.0,0.27,17.5,97.0
2008,United Kingdom,Measles,1267.0,61571647.0,2.06,17.8,91.0
2009,Austria,Measles,53.0,8335003.0,0.64,15.0,93.0
2009,Belgium,Measles,33.0,10753080.0,0.31,15.0,93.0
2009,Bulgaria,Measles,2249.0,7467119.0,30.12,15.0,93.0
2009,Croatia,Measles,0.0,4309796.0,0.0,15.0,93.0
2009,Cyprus,Measles,0.0,796930.0,0.0,15.0,93.0
2009,Czechia,Measles,5.0,10425783.0,0.05,16.1,94.0
2009,Denmark,Measles,8.0,5511451.0,0.15,15.0,93.0
2009,Estonia,Measles,0.0,1335740.0,0.0,15.0,93.0
2009,Finland,Measles,0.0,5326314.0,0.0,15.0,93.0
2009,France,Measles,1544.0,64350226.0,2.4,17.7,90.0
2009,Germany,Measles,573.0,82002356.0,0.7,13.8,92.0
2009,Greece,Measles,2.0,11094745.0,0.02,15.0,93.0
2009,Hungary,Measles,1.0,10030975.0,0.01,14.4,98.0
2009,Iceland,Measles,0.0,319368.0,0.0,15.0,93.0
2009,Ireland,Measles,193.0,4521322.0,4.27,15.0,93.0
2009,Italy,Measles,759.0,59420592.0,1.28,12.7,94.0
2009,Latvia,Measles,0.0,2162834.0,0.0,15.0,93.0
2009,Liechtenstein,Measles,0.0,35589.0,0.0,15.0,93.0
2009,Lithuania,Measles,0.0,3183856.0,0.0,15.0,93.0
2009,Luxembourg,Measles,0.0,493500.0,0.0,15.0,93.0
2009,Malta,Measles,1.0,410926.0,0.24,15.0,93.0
2009,Netherlands,Measles,15.0,16485787.0,0.09,15.0,93.0
2009,Norway,Measles,2.0,4799252.0,0.04,17.0,96.0
2009,Poland,Measles,115.0,38135876.0,0.3,15.3,93.0
2009,Portugal,Measles,3.0,10563014.0,0.03,15.0,93.0
2009,Romania,Measles,8.0,20440290.0,0.04,15.0,93.0
2009,Slovakia,Measles,0.0,5382401.0,0.0,15.8,95.0
2009,Slovenia,Measles,0.0,2032362.0,0.0,15.0,93.0
2009,Spain,Measles,41.0,46239273.0,0.09,14.2,95.0
2009,Sweden,Measles,3.0,9256347.0,0.03,17.5,97.0
2009,United Kingdom,Measles,990.0,62042343.0,1.6,17.8,91.0
2010,Austria,Measles,56.0,8351643.0,0.67,15.0,93.0
2010,Belgium,Measles,40.0,10839905.0,0.37,15.0,93.0
2010,Bulgaria,Measles,22005.0,7421766.0,296.49,15.0,93.0
2010,Croatia,Measles,0.0,4302847.0,0.0,15.0,93.0
2010,Cyprus,Measles,18.0,819140.0,2.2,15.0,93.0
2010,Czechia,Measles,0.0,10462088.0,0.0,16.1,94.0
2010,Denmark,Measles,5.0,5534738.0,0.09,15.0,93.0
2010,Estonia,Measles,0.0,1333290.0,0.0,15.0,93.0
2010,Finland,Measles,1.0,5351427.0,0.02,15.0,93.0
2010,France,Measles,5019.0,64658856.0,7.76,17.7,90.0
2010,Germany,Measles,780.0,81802257.0,0.95,13.8,92.0
2010,Greece,Measles,149.0,11119289.0,1.34,15.0,93.0
2010,Hungary,Measles,0.0,10014324.0,0.0,14.4,98.0
2010,Iceland,Measles,0.0,317630.0,0.0,15.0,93.0
2010,Ireland,Measles,403.0,4549428.0,8.86,15.0,93.0
2010,Italy,Measles,3064.0,59690316.0,5.13,12.7,94.0
2010,Latvia,Measles,0.0,2120504.0,0.0,15.0,93.0
2010,Liechtenstein,Measles,0.0,35894.0,0.0,15.0,93.0
2010,Lithuania,Measles,2.0,3141976.0,0.06,15.0,93.0
2010,Luxembourg,Measles,0.0,502066.0,0.0,15.0,93.0
2010,Malta,Measles,0.0,414027.0,0.0,15.0,93.0
2010,Netherlands,Measles,15.0,16574989.0,0.09,15.0,93.0
2010,Norway,Measles,3.0,4858199.0,0.06,17.0,96.0
2010,Poland,Measles,13.0,38022869.0,0.03,15.3,93.0
2010,Portugal,Measles,5.0,10573479.0,0.05,15.0,93.0
2010,Romania,Measles,188.0,20294683.0,0.93,15.0,93.0
2010,Slovakia,Measles,0.0,5390410.0,0.0,15.8,95.0
2010,Slovenia,Measles,2.0,2046976.0,0.1,15.0,93.0
2010,Spain,Measles,305.0,46486619.0,0.66,14.2,95.0
2010,Sweden,Measles,6.0,9340682.0,0.06,17.5,97.0
2010,United Kingdom,Measles,362.0,62510197.0,0.58,17.8,91.0
2011,Austria,Measles,122.0,8375164.0,1.46,15.0,93.0
2011,Belgium,Measles,674.0,11000638.0,6.13,15.0,93.0
2011,Bulgaria,Measles,157.0,7369431.0,2.13,15.0,93.0
2011,Croatia,Measles,11.0,4289857.0,0.26,15.0,93.0
2011,Cyprus,Measles,0.0,839751.0,0.0,15.0,93.0
2011,Czechia,Measles,17.0,10486731.0,0.16,16.1,94.0
2011,Denmark,Measles,84.0,5560628.0,1.51,15.0,93.0
2011,Estonia,Measles,7.0,1329660.0,0.53,15.0,93.0
2011,Finland,Measles,19.0,5375276.0,0.35,15.0,93.0
2011,France,Measles,14966.0,64978721.0,23.03,17.7,90.0
2011,Germany,Measles,1607.0,80222065.0,2.0,13.8,92.0
2011,Greece,Measles,42.0,11123392.0,0.38,15.0,93.0
2011,Hungary,Measles,5.0,9985722.0,0.05,14.4,98.0
2011,Iceland,Measles,0.0,318452.0,0.0,15.0,93.0
2011,Ireland,Measles,267.0,4570881.0,5.84,15.0,93.0
2011,Italy,Measles,5097.0,59948497.0,8.5,12.7,94.0
2011,Latvia,Measles,1.0,2074605.0,0.05,15.0,93.0
2011,Liechtenstein,Measles,0.0,36149.0,0.0,15.0,93.0
2011,Lithuania,Measles,7.0,3052588.0,0.23,15.0,93.0
2011,Luxembourg,Measles,0.0,511840.0,0.0,15.0,93.0
2011,Malta,Measles,6.0,414989.0,1.45,15.0,93.0
2011,Netherlands,Measles,50.0,16655799.0,0.3,15.0,93.0
2011,Norway,Measles,40.0,4920305.0,0.81,17.0,96.0
2011,Poland,Measles,38.0,38062718.0,0.1,15.3,93.0
2011,Portugal,Measles,2.0,10572721.0,0.02,15.0,93.0
2011,Romania,Measles,4165.0,20199059.0,20.62,15.0,93.0
2011,Slovakia,Measles,2.0,5392446.0,0.04,15.8,95.0
2011,Slovenia,Measles,22.0,2050189.0,1.07,15.0,93.0
2011,Spain,Measles,3511.0,46667174.0,7.52,14.2,95.0
2011,Sweden,Measles,26.0,9415570.0,0.28,17.5,97.0
2011,United Kingdom,Measles,1067.0,63022532.0,1.69,17.8,91.0
2012,Austria,Measles,35.0,8408121.0,0.42,15.0,93.0
2012,Belgium,Measles,101.0,11075889.0,0.91,15.0,93.0
2012,Bulgaria,Measles,1.0,7327224.0,0.01,15.0,93.0
2012,Croatia,Measles,2.0,4275984.0,0.05,15.0,93.0
2012,Cyprus,Measles,1.0,862011.0,0.12,15.0,93.0
2012,Czechia,Measles,22.0,10505445.0,0.21,16.1,94.0
2012,Denmark,Measles,2.0,5580516.0,0.04,15.0,93.0
2012,Estonia,Measles,4.0,1325217.0,0.3,15.0,93.0
2012,Finland,Measles,0.0,5401267.0,0.0,15.0,93.0
2012,France,Measles,859.0,65276983.0,1.32,17.7,90.0
2012,Germany,Measles,166.0,80327900.0,0.21,13.8,92.0
2012,Greece,Measles,3.0,11086406.0,0.03,15.0,93.0
2012,Hungary,Measles,2.0,9931925.0,0.02,14.4,98.0
2012,Iceland,Measles,0.0,319575.0,0.0,15.0,93.0
2012,Ireland,Measles,103.0,4589287.0,2.24,15.0,93.0
2012,Italy,Measles,604.0,60105185.0,1.0,12.7,94.0
2012,Latvia,Measles,3.0,2044813.0,0.15,15.0,93.0
2012,Liechtenstein,Measles,0.0,36475.0,0.0,15.0,93.0
2012,Lithuania,Measles,2.0,3003641.0,0.07,15.0,93.0
2012,Luxembourg,Measles,0.0,524853.0,0.0,15.0,93.0
2012,Malta,Measles,0.0,417546.0,0.0,15.0,93.0
2012,Netherlands,Measles,10.0,16730348.0,0.06,15.0,93.0
2012,Norway,Measles,4.0,4985870.0,0.08,17.0,96.0
2012,Poland,Measles,70.0,38063792.0,0.18,15.3,93.0
2012,Portugal,Measles,7.0,10558950.0,0.07,15.0,93.0
2012,Romania,Measles,6166.0,20095996.0,30.68,15.0,93.0
2012,Slovakia,Measles,1.0,5404322.0,0.02,15.8,95.0
2012,Slovenia,Measles,2.0,2055496.0,0.1,15.0,93.0
2012,Spain,Measles,1209.0,46818219.0,2.58,14.2,95.0
2012,Sweden,Measles,30.0,9482855.0,0.32,17.5,97.0
2012,United Kingdom,Measles,1921.0,63495088.0,3.03,17.8,91.0
2013,Austria,Measles,75.0,8451860.0,0.89,15.0,93.0
2013,Belgium,Measles,46.0,11137974.0,0.41,15.0,93.0
2013,Bulgaria,Measles,14.0,7202556.0,0.19,15.0,93.0
2013,Croatia,Measles,1.0,4247803.0,0.02,15.0,93.0
2013,Cyprus,Measles,0.0,862854.0,0.0,15.0,93.0
2013,Czechia,Measles,15.0,10516125.0,0.14,16.1,94.0
2013,Denmark,Measles,17.0,5602628.0,0.3,15.0,93.0
2013,Estonia,Measles,2.0,1320174.0,0.15,15.0,93.0
2013,Finland,Measles,1.0,5426674.0,0.02,15.0,93.0
2013,France,Measles,272.0,65600350.0,0.41,17.7,90.0
2013,Germany,Measles,1772.0,80523746.0,2.2,13.8,92.0
2013,Greece,Measles,4.0,11003615.0,0.04,15.0,93.0
2013,Hungary,Measles,1.0,9895250.0,0.01,14.4,98.0
2013,Iceland,Measles,0.0,321857.0,0.0,15.0,93.0
2013,Ireland,Measles,51.0,4609779.0,1.11,15.0,93.0
2013,Italy,Measles,2270.0,60277309.0,3.77,12.7,94.0
2013,Latvia,Measles,0.0,2023825.0,0.0,15.0,93.0
2013,Liechtenstein,Measles,0.0,36838.0,0.0,15.0,93.0
2013,Lithuania,Measles,35.0,2974637.0,1.18,15.0,93.0
2013,Luxembourg,Measles,0.0,537039.0,0.0,15.0,93.0
2013,Malta,Measles,1.0,421464.0,0.24,15.0,93.0
2013,Netherlands,Measles,2640.0,16779575.0,15.73,15.0,93.0
2013,Norway,Measles,8.0,5051275.0,0.16,17.0,96.0
2013,Poland,Measles,84.0,38062535.0,0.22,15.3,93.0
2013,Portugal,Measles,1.0,10503889.0,0.01,15.0,93.0
2013,Romania,Measles,1159.0,20020074.0,5.79,15.0,93.0
2013,Slovakia,Measles,0.0,5410836.0,0.0,15.8,95.0
2013,Slovenia,Measles,1.0,2058821.0,0.05,15.0,93.0
2013,Spain,Measles,131.0,46712650.0,0.28,14.2,95.0
2013,Sweden,Measles,51.0,9555893.0,0.53,17.5,97.0
2013,United Kingdom,Measles,1425.0,63905342.0,2.23,17.8,91.0
2014,Austria,Measles,117.0,8507786.0,1.38,15.0,93.0
2014,Belgium,Measles,75.0,11180840.0,0.67,15.0,93.0
2014,Bulgaria,Measles,0.0,7117453.0,0.0,15.0,93.0
2014,Croatia,Measles,16.0,4217632.0,0.38,15.0,93.0
2014,Cyprus,Measles,10.0,860032.0,1.16,15.0,93.0
2014,Czechia,Measles,222.0,10512419.0,2.11,16.1,94.0
2014,Denmark,Measles,29.0,5627235.0,0.52,15.0,93.0
2014,Estonia,Measles,0.0,1315819.0,0.0,15.0,93.0
2014,Finland,Measles,0.0,5451270.0,0.0,15.0,93.0
2014,France,Measles,267.0,66165980.0,0.4,17.7,90.0
2014,Germany,Measles,443.0,80767463.0,0.55,13.8,92.0
2014,Greece,Measles,1.0,10926807.0,0.01,15.0,93.0
2014,Hungary,Measles,0.0,9850217.0,0.0,14.4,98.0
2014,Iceland,Measles,1.0,325671.0,0.31,15.0,93.0
2014,Ireland,Measles,33.0,4637852.0,0.71,15.0,93.0
2014,Italy,Measles,1695.0,60345917.0,2.81,12.7,94.0
2014,Latvia,Measles,36.0,2001468.0,1.8,15.0,93.0
2014,Liechtenstein,Measles,0.0,37129.0,0.0,15.0,93.0
2014,Lithuania,Measles,11.0,2947862.0,0.37,15.0,93.0
2014,Luxembourg,Measles,2.0,549680.0,0.36,15.0,93.0
2014,Malta,Measles,0.0,428156.0,0.0,15.0,93.0
2014,Netherlands,Measles,144.0,16829289.0,0.86,15.0,93.0
2014,Norway,Measles,3.0,5109056.0,0.06,17.0,96.0
2014,Poland,Measles,110.0,38017856.0,0.29,15.3,93.0
2014,Portugal,Measles,0.0,10444092.0,0.0,15.0,93.0
2014,Romania,Measles,59.0,19947311.0,0.3,15.0,93.0
2014,Slovakia,Measles,0.0,5415949.0,0.0,15.8,95.0
2014,Slovenia,Measles,52.0,2061085.0,2.52,15.0,93.0
2014,Spain,Measles,159.0,46495744.0,0.34,14.2,95.0
2014,Sweden,Measles,26.0,9644864.0,0.27,17.5,97.0
2014,United Kingdom,Measles,112.0,64351203.0,0.17,17.8,91.0
2015,Austria,Measles,309.0,8584926.0,3.6,15.0,93.0
2015,Belgium,Measles,46.0,11237274.0,0.41,15.0,93.0
2015,Bulgaria,Measles,0.0,7029690.0,0.0,15.0,93.0
2015,Croatia,Measles,219.0,4180915.0,5.24,15.0,93.0
2015,Cyprus,Measles,0.0,860846.0,0.0,15.0,93.0
2015,Czechia,Measles,9.0,10538275.0,0.09,16.1,94.0
2015,Denmark,Measles,9.0,5659715.0,0.16,15.0,93.0
2015,Estonia,Measles,4.0,1314870.0,0.3,15.0,93.0
2015,Finland,Measles,1.0,5471753.0,0.02,15.0,93.0
2015,France,Measles,364.0,66458153.0,0.55,17.7,90.0
2015,Germany,Measles,2466.0,81197537.0,3.04,13.8,92.0
2015,Greece,Measles,1.0,10858018.0,0.01,15.0,93.0
2015,Hungary,Measles,0.0,9815858.0,0.0,14.4,98.0
2015,Iceland,Measles,0.0,329100.0,0.0,15.0,93.0
2015,Ireland,Measles,2.0,4677627.0,0.04,15.0,93.0
2015,Italy,Measles,256.0,60295497.0,0.42,12.7,94.0
2015,Latvia,Measles,0.0,1986096.0,0.0,15.0,93.0
2015,Liechtenstein,Measles,0.0,37366.0,0.0,15.0,93.0
2015,Lithuania,Measles,50.0,2926644.0,1.71,15.0,93.0
2015,Luxembourg,Measles,0.0,562958.0,0.0,15.0,93.0
2015,Malta,Measles,1.0,438805.0,0.23,15.0,93.0
2015,Netherlands,Measles,7.0,16900726.0,0.04,15.0,93.0
2015,Norway,Measles,14.0,5165802.0,0.27,17.0,96.0
2015,Poland,Measles,48.0,38005614.0,0.13,15.3,93.0
2015,Portugal,Measles,0.0,10395121.0,0.0,15.0,93.0
2015,Romania,Measles,7.0,19870647.0,0.04,15.0,93.0
2015,Slovakia,Measles,0.0,5421349.0,0.0,15.8,95.0
2015,Slovenia,Measles,18.0,2062874.0,0.87,15.0,93.0
2015,Spain,Measles,55.0,46425722.0,0.12,14.2,95.0
2015,Sweden,Measles,22.0,9747355.0,0.23,17.5,97.0
2015,United Kingdom,Measles,92.0,64853393.0,0.14,17.8,91.0
2016,Austria,Measles,27.0,8700471.0,0.31,15.0,93.0
2016,Belgium,Measles,78.0,11311117.0,0.69,15.0,93.0
2016,Bulgaria,Measles,1.0,6938759.0,0.01,15.0,93.0
2016,Croatia,Measles,4.0,4131115.0,0.1,15.0,93.0
2016,Cyprus,Measles,0.0,863764.0,0.0,15.0,93.0
2016,Czechia,Measles,7.0,10553843.0,0.07,16.1,94.0
2016,Denmark,Measles,3.0,5707251.0,0.05,15.0,93.0
2016,Estonia,Measles,2.0,1315944.0,0.15,15.0,93.0
2016,Finland,Measles,1.0,5487308.0,0.02,15.0,93.0
2016,France,Measles,79.0,66638391.0,0.12,17.7,90.0
2016,Germany,Measles,326.0,82175684.0,0.4,13.8,92.0
2016,Greece,Measles,0.0,10783748.0,0.0,15.0,93.0
2016,Hungary,Measles,0.0,9779652.0,0.0,14.4,98.0
2016,Iceland,Measles,1.0,332529.0,0.3,15.0,93.0
2016,Ireland,Measles,43.0,4726286.0,0.91,15.0,93.0
2016,Italy,Measles,861.0,60163712.0,1.43,12.7,94.0
2016,Latvia,Measles,0.0,1968957.0,0.0,15.0,93.0
2016,Liechtenstein,Measles,0.0,37622.0,0.0,15.0,93.0
2016,Lithuania,Measles,22.0,2895573.0,0.76,15.0,93.0
2016,Luxembourg,Measles,0.0,576249.0,0.0,15.0,93.0
2016,Malta,Measles,0.0,449635.0,0.0,15.0,93.0
2016,Netherlands,Measles,6.0,16979120.0,0.04,15.0,93.0
2016,Norway,Measles,0.0,5213985.0,0.0,17.0,96.0
2016,Poland,Measles,133.0,37967209.0,0.35,15.3,93.0
2016,Portugal,Measles,0.0,10368554.0,0.0,15.0,93.0
2016,Romania,Measles,2432.0,19760585.0,12.31,15.0,93.0
2016,Slovakia,Measles,0.0,5426252.0,0.0,15.8,95.0
2016,Slovenia,Measles,1.0,2064188.0,0.05,15.0,93.0
2016,Spain,Measles,38.0,46418884.0,0.08,14.2,95.0
2016,Sweden,Measles,3.0,9851017.0,0.03,17.5,97.0
2016,United Kingdom,Measles,528.0,65379044.0,0.81,17.8,91.0
2017,Austria,Measles,95.0,8772865.0,1.08,15.0,93.0
2017,Belgium,Measles,367.0,11351727.0,3.23,15.0,93.0
2017,Bulgaria,Measles,165.0,6849518.0,2.41,15.0,93.0
2017,Croatia,Measles,7.0,4078769.0,0.17,15.0,93.0
2017,Cyprus,Measles,3.0,869878.0,0.34,15.0,93.0
2017,Czechia,Measles,146.0,10578820.0,1.38,16.1,94.0
2017,Denmark,Measles,4.0,5748769.0,0.07,15.0,93.0
2017,Estonia,Measles,1.0,1315635.0,0.08,15.0,93.0
2017,Finland,Measles,3.0,5503297.0,0.05,15.0,93.0
2017,France,Measles,518.0,66809816.0,0.78,17.7,90.0
2017,Germany,Measles,929.0,82521653.0,1.13,13.8,92.0
2017,Greece,Measles,967.0,10768193.0,8.98,15.0,93.0
2017,Hungary,Measles,36.0,9739857.0,0.37,14.4,98.0
2017,Iceland,Measles,3.0,338349.0,0.89,15.0,93.0
2017,Ireland,Measles,25.0,4799157.0,0.52,15.0,93.0
2017,Italy,Measles,5399.0,60066734.0,8.99,12.7,94.0
2017,Latvia,Measles,0.0,1950116.0,0.0,15.0,93.0
2017,Liechtenstein,Measles,0.0,37810.0,0.0,15.0,93.0
2017,Lithuania,Measles,2.0,2859077.0,0.07,15.0,93.0
2017,Luxembourg,Measles,4.0,590667.0,0.68,15.0,93.0
2017,Malta,Measles,0.0,459375.0,0.0,15.0,93.0
2017,Netherlands,Measles,16.0,17081507.0,0.09,15.0,93.0
2017,Norway,Measles,1.0,5258317.0,0.02,17.0,96.0
2017,Poland,Measles,63.0,37972964.0,0.17,15.3,93.0
2017,Portugal,Measles,34.0,10344478.0,0.33,15.0,93.0
2017,Romania,Measles,9076.0,19643949.0,46.2,15.0,93.0
2017,Slovakia,Measles,6.0,5435343.0,0.11,15.8,95.0
2017,Slovenia,Measles,8.0,2065895.0,0.39,15.0,93.0
2017,Spain,Measles,157.0,46497393.0,0.34,14.2,95.0
2017,Sweden,Measles,41.0,9995153.0,0.41,17.5,97.0
2017,United Kingdom,Measles,251.0,65844142.0,0.38,17.8,91.0
2018,Austria,Measles,77.0,8822267.0,0.87,15.0,93.0
2018,Belgium,Measles,117.0,11398589.0,1.03,15.0,93.0
2018,Bulgaria,Measles,13.0,6757418.0,0.19,15.0,93.0
2018,Croatia,Measles,23.0,4014341.0,0.57,15.0,93.0
2018,Cyprus,Measles,15.0,878601.0,1.71,15.0,93.0
2018,Czechia,Measles,207.0,10610055.0,1.95,16.1,94.0
2018,Denmark,Measles,8.0,5781190.0,0.14,15.0,93.0
2018,Estonia,Measles,10.0,1319133.0,0.76,15.0,93.0
2018,Finland,Measles,2.0,5513130.0,0.04,15.0,93.0
2018,France,Measles,2919.0,67026224.0,4.36,17.7,90.0
2018,Germany,Measles,543.0,82792351.0,0.66,13.8,92.0
2018,Greece,Measles,2293.0,10741165.0,21.35,15.0,93.0
2018,Hungary,Measles,14.0,9713655.0,0.14,14.4,98.0
2018,Iceland,Measles,0.0,348450.0,0.0,15.0,93.0
2018,Ireland,Measles,77.0,4855733.0,1.59,15.0,93.0
2018,Italy,Measles,2686.0,59937769.0,4.48,12.7,94.0
2018,Latvia,Measles,25.0,1934379.0,1.29,15.0,93.0
2018,Liechtenstein,Measles,0.0,38114.0,0.0,15.0,93.0
2018,Lithuania,Measles,30.0,2826200.0,1.06,15.0,93.0
2018,Luxembourg,Measles,4.0,602005.0,0.66,15.0,93.0
2018,Malta,Measles,5.0,474837.0,1.05,15.0,93.0
2018,Netherlands,Measles,24.0,17181084.0,0.14,15.0,93.0
2018,Norway,Measles,12.0,5295619.0,0.23,17.0,96.0
2018,Poland,Measles,340.0,37976687.0,0.9,15.3,93.0
2018,Portugal,Measles,171.0,10335770.0,1.65,15.0,93.0
2018,Romania,Measles,6398.0,19533481.0,32.75,15.0,93.0
2018,Slovakia,Measles,565.0,5443120.0,10.38,15.8,95.0
2018,Slovenia,Measles,9.0,2066880.0,0.44,15.0,93.0
2018,Spain,Measles,226.0,46645070.0,0.48,14.2,95.0
2018,Sweden,Measles,43.0,10120242.0,0.42,17.5,97.0
2018,United Kingdom,Measles,932.0,66273576.0,1.41,17.8,91.0
2019,Austria,Measles,151.0,8858775.0,1.7,15.0,93.0
2019,Belgium,Measles,496.0,11455519.0,4.33,15.0,93.0
2019,Bulgaria,Measles,1235.0,6664177.0,18.53,15.0,93.0
2019,Croatia,Measles,52.0,3968676.0,1.31,15.0,93.0
2019,Cyprus,Measles,6.0,890194.0,0.67,15.0,93.0
2019,Czechia,Measles,590.0,10649800.0,5.54,16.1,94.0
2019,Denmark,Measles,15.0,5806081.0,0.26,15.0,93.0
2019,Estonia,Measles,27.0,1324820.0,2.04,15.0,93.0
2019,Finland,Measles,3.0,5517919.0,0.05,15.0,93.0
2019,France,Measles,2636.0,67290471.0,3.92,17.7,90.0
2019,Germany,Measles,516.0,83019213.0,0.62,13.8,92.0
2019,Greece,Measles,45.0,10724599.0,0.42,15.0,93.0
2019,Hungary,Measles,23.0,9700272.0,0.24,14.4,98.0
2019,Iceland,Measles,9.0,356991.0,2.52,15.0,93.0
2019,Ireland,Measles,74.0,4940311.0,1.5,15.0,93.0
2019,Italy,Measles,1620.0,59816673.0,2.71,12.7,94.0
2019,Latvia,Measles,3.0,1919968.0,0.16,15.0,93.0
2019,Liechtenstein,Measles,0.0,38378.0,0.0,15.0,93.0
2019,Lithuania,Measles,834.0,2812200.0,29.66,15.0,93.0
2019,Luxembourg,Measles,25.0,613894.0,4.07,15.0,93.0
2019,Malta,Measles,32.0,492968.0,6.49,15.0,93.0
2019,Netherlands,Measles,84.0,17282163.0,0.49,15.0,93.0
2019,Norway,Measles,17.0,5328212.0,0.32,17.0,96.0
2019,Poland,Measles,1423.0,37972812.0,3.75,15.3,93.0
2019,Portugal,Measles,10.0,10333496.0,0.1,15.0,93.0
2019,Romania,Measles,1706.0,19414458.0,8.79,15.0,93.0
2019,Slovakia,Measles,319.0,5450421.0,5.85,15.8,95.0
2019,Slovenia,Measles,48.0,2080908.0,2.31,15.0,93.0
2019,Spain,Measles,292.0,46918951.0,0.62,14.2,95.0
2019,Sweden,Measles,20.0,10230185.0,0.2,17.5,97.0
2019,United Kingdom,Measles,833.0,66647112.0,1.25,17.8,91.0
2020,Austria,Measles,25.0,8901064.0,0.28,15.0,93.0
2020,Belgium,Measles,66.0,11522440.0,0.57,15.0,93.0
2020,Bulgaria,Measles,257.0,6569275.0,3.91,15.0,93.0
2020,Croatia,Measles,0.0,3933511.0,0.0,15.0,93.0
2020,Cyprus,Measles,1.0,902429.0,0.11,15.0,93.0
2020,Czechia,Measles,4.0,10693939.0,0.04,16.1,94.0
2020,Denmark,Measles,4.0,5822763.0,0.07,15.0,93.0
2020,Estonia,Measles,0.0,1328976.0,0.0,15.0,93.0
2020,Finland,Measles,3.0,5525292.0,0.05,15.0,93.0
2020,France,Measles,240.0,67473651.0,0.36,17.7,90.0
2020,Germany,Measles,76.0,83166711.0,0.09,13.8,92.0
2020,Greece,Measles,2.0,10718565.0,0.02,15.0,93.0
2020,Hungary,Measles,0.0,9689376.0,0.0,14.4,98.0
2020,Iceland,Measles,0.0,364134.0,0.0,15.0,93.0
2020,Ireland,Measles,19.0,5012600.0,0.38,15.0,93.0
2020,Italy,Measles,105.0,59641488.0,0.18,12.7,94.0
2020,Latvia,Measles,0.0,1907675.0,0.0,15.0,93.0
2020,Liechtenstein,Measles,0.0,38747.0,0.0,15.0,93.0
2020,Lithuania,Measles,2.0,2809977.0,0.07,15.0,93.0
2020,Luxembourg,Measles,0.0,626108.0,0.0,15.0,93.0
2020,Malta,Measles,2.0,514855.0,0.39,15.0,93.0
2020,Netherlands,Measles,2.0,17407585.0,0.01,15.0,93.0
2020,Norway,Measles,4.0,5367580.0,0.07,17.0,96.0
2020,Poland,Measles,29.0,37958138.0,0.08,15.3,93.0
2020,Portugal,Measles,9.0,10375395.0,0.09,15.0,93.0
2020,Romania,Measles,1004.0,19328838.0,5.19,15.0,93.0
2020,Slovakia,Measles,0.0,5457873.0,0.0,15.8,95.0
2020,Slovenia,Measles,6.0,2095861.0,0.29,15.0,93.0
2020,Spain,Measles,93.0,47318050.0,0.2,14.2,95.0
2020,Sweden,Measles,5.0,10327589.0,0.05,17.5,97.0
2020,United Kingdom,Measles,83.0,67025542.0,0.12,17.8,91.0
2021,Austria,Measles,1.0,8932664.0,0.01,15.0,93.0
2021,Belgium,Measles,7.0,11554767.0,0.06,15.0,93.0
2021,Bulgaria,Measles,0.0,6532117.0,0.0,15.0,93.0
2021,Croatia,Measles,0.0,3893026.0,0.0,15.0,93.0
2021,Cyprus,Measles,1.0,914476.0,0.11,15.0,93.0
2021,Czechia,Measles,0.0,10494836.0,0.0,16.1,94.0
2021,Denmark,Measles,0.0,5840045.0,0.0,15.0,93.0
2021,Estonia,Measles,0.0,1330068.0,0.0,15.0,93.0
2021,Finland,Measles,3.0,5533793.0,0.05,15.0,93.0
2021,France,Measles,16.0,67728568.0,0.02,17.7,90.0
2021,Germany,Measles,8.0,83155031.0,0.01,13.8,92.0
2021,Greece,Measles,0.0,10678632.0,0.0,15.0,93.0
2021,Hungary,Measles,0.0,9651461.0,0.0,14.4,98.0
2021,Iceland,Measles,0.0,368792.0,0.0,15.0,93.0
2021,Ireland,Measles,0.0,5066893.0,0.0,15.0,93.0
2021,Italy,Measles,8.0,59236213.0,0.01,12.7,94.0
2021,Latvia,Measles,0.0,1893223.0,0.0,15.0,93.0
2021,Liechtenstein,Measles,0.0,39055.0,0.0,15.0,93.0
2021,Lithuania,Measles,0.0,2810761.0,0.0,15.0,93.0
2021,Luxembourg,Measles,0.0,634730.0,0.0,15.0,93.0
2021,Malta,Measles,0.0,516125.0,0.0,15.0,93.0
2021,Netherlands,Measles,0.0,17475415.0,0.0,15.0,93.0
2021,Norway,Measles,0.0,5391369.0,0.0,17.0,96.0
2021,Poland,Measles,13.0,37073357.0,0.04,15.3,93.0
2021,Portugal,Measles,0.0,10394297.0,0.0,15.0,93.0
2021,Romania,Measles,0.0,19201662.0,0.0,15.0,93.0
2021,Slovakia,Measles,0.0,5459781.0,0.0,15.8,95.0
2021,Slovenia,Measles,0.0,2108977.0,0.0,15.0,93.0
2021,Spain,Measles,2.0,47400798.0,0.0,14.2,95.0
2021,Sweden,Measles,0.0,10379295.0,0.0,17.5,97.0
2021,United Kingdom,Measles,0.0,67025542.0,0.0,17.8,91.0
2022,Austria,Measles,1.0,8978929.0,0.01,15.0,93.0
2022,Belgium,Measles,19.0,11617623.0,0.16,15.0,93.0
2022,Bulgaria,Measles,1.0,6482484.0,0.02,15.0,93.0
2022,Croatia,Measles,0.0,3862305.0,0.0,15.0,93.0
2022,Cyprus,Measles,0.0,929764.0,0.0,15.0,93.0
2022,Czechia,Measles,0.0,10516707.0,0.0,16.1,94.0
2022,Denmark,Measles,0.0,5873420.0,0.0,15.0,93.0
2022,Estonia,Measles,0.0,1331796.0,0.0,15.0,93.0
2022,Finland,Measles,1.0,5548241.0,0.02,15.0,93.0
2022,France,Measles,19.0,68091703.0,0.03,17.7,90.0
2022,Germany,Measles,15.0,83237124.0,0.02,13.8,92.0
2022,Greece,Measles,0.0,10461627.0,0.0,15.0,93.0
2022,Hungary,Measles,0.0,9610403.0,0.0,14.4,98.0
2022,Iceland,Measles,0.0,376248.0,0.0,15.0,93.0
2022,Ireland,Measles,2.0,5154277.0,0.04,15.0,93.0
2022,Italy,Measles,15.0,59030133.0,0.03,12.7,94.0
2022,Latvia,Measles,0.0,1875757.0,0.0,15.0,93.0
2022,Liechtenstein,Measles,0.0,39308.0,0.0,15.0,93.0
2022,Lithuania,Measles,0.0,2805998.0,0.0,15.0,93.0
2022,Luxembourg,Measles,0.0,645397.0,0.0,15.0,93.0
2022,Malta,Measles,0.0,520174.0,0.0,15.0,93.0
2022,Netherlands,Measles,6.0,17590672.0,0.03,15.0,93.0
2022,Norway,Measles,1.0,5425270.0,0.02,17.0,96.0
2022,Poland,Measles,27.0,36889761.0,0.07,15.3,93.0
2022,Portugal,Measles,0.0,10421117.0,0.0,15.0,93.0
2022,Romania,Measles,10.0,19042455.0,0.05,15.0,93.0
2022,Slovakia,Measles,0.0,5434712.0,0.0,15.8,95.0
2022,Slovenia,Measles,0.0,2107180.0,0.0,15.0,93.0
2022,Spain,Measles,1.0,47486843.0,0.0,14.2,95.0
2022,Sweden,Measles,5.0,10452326.0,0.05,17.5,97.0
2022,United Kingdom,Measles,0.0,67025542.0,0.0,17.8,91.0
2023,Austria,Measles,186.0,9104772.0,2.04,15.0,93.0
2023,Belgium,Measles,68.0,11742796.0,0.58,15.0,93.0
2023,Bulgaria,Measles,0.0,6447710.0,0.0,15.0,93.0
2023,Croatia,Measles,3.0,3850894.0,0.08,15.0,93.0
2023,Cyprus,Measles,0.0,949084.0,0.0,15.0,93.0
2023,Czechia,Measles,1.0,10827529.0,0.01,16.1,94.0
2023,Denmark,Measles,9.0,5932654.0,0.15,15.0,93.0
2023,Estonia,Measles,4.0,1365884.0,0.29,15.0,93.0
2023,Finland,Measles,1.0,5563970.0,0.02,15.0,93.0
2023,France,Measles,117.0,68277210.0,0.17,17.7,90.0
2023,Germany,Measles,79.0,83118501.0,0.1,13.8,92.0
2023,Greece,Measles,0.0,10413982.0,0.0,15.0,93.0
2023,Hungary,Measles,1.0,9599744.0,0.01,14.4,98.0
2023,Iceland,Measles,0.0,387758.0,0.0,15.0,93.0
2023,Ireland,Measles,4.0,5271395.0,0.08,15.0,93.0
2023,Italy,Measles,44.0,58997201.0,0.07,12.7,94.0
2023,Latvia,Measles,1.0,1883008.0,0.05,15.0,93.0
2023,Liechtenstein,Measles,3.0,39677.0,7.56,15.0,93.0
2023,Lithuania,Measles,3.0,2857279.0,0.1,15.0,93.0
2023,Luxembourg,Measles,0.0,660809.0,0.0,15.0,93.0
2023,Malta,Measles,0.0,542051.0,0.0,15.0,93.0
2023,Netherlands,Measles,7.0,17811291.0,0.04,15.0,93.0
2023,Norway,Measles,2.0,5488984.0,0.04,17.0,96.0
2023,Poland,Measles,37.0,36753736.0,0.1,15.3,93.0
2023,Portugal,Measles,1.0,10516621.0,0.01,15.0,93.0
2023,Romania,Measles,3371.0,19054548.0,17.69,15.0,93.0
2023,Slovakia,Measles,6.0,5428792.0,0.11,15.8,95.0
2023,Slovenia,Measles,1.0,2116972.0,0.05,15.0,93.0
2023,Spain,Measles,13.0,48085361.0,0.03,14.2,95.0
2023,Sweden,Measles,11.0,10521556.0,0.1,17.5,97.0
2023,United Kingdom,Measles,0.0,67025542.0,0.0,17.8,91.0
2024,Austria,Measles,542.0,9158750.0,5.92,15.0,93.0
2024,Belgium,Measles,527.0,11817096.0,4.46,15.0,93.0
2024,Bulgaria,Measles,27.0,6445481.0,0.42,15.0,93.0
2024,Croatia,Measles,33.0,3861967.0,0.85,15.0,93.0
2024,Cyprus,Measles,27.0,966365.0,2.79,15.0,93.0
2024,Czechia,Measles,35.0,10900555.0,0.32,16.1,94.0
2024,Denmark,Measles,25.0,5961249.0,0.42,15.0,93.0
2024,Estonia,Measles,4.0,1374687.0,0.29,15.0,93.0
2024,Finland,Measles,2.0,5603851.0,0.04,15.0,93.0
2024,France,Measles,484.0,68467362.0,0.71,17.7,90.0
2024,Germany,Measles,652.0,83456045.0,0.78,13.8,92.0
2024,Greece,Measles,38.0,10400720.0,0.37,15.0,93.0
2024,Hungary,Measles,18.0,9584627.0,0.19,14.4,98.0
2024,Iceland,Measles,2.0,383567.0,0.52,15.0,93.0
2024,Ireland,Measles,209.0,5351681.0,3.91,15.0,93.0
2024,Italy,Measles,1055.0,58971230.0,1.79,12.7,94.0
2024,Latvia,Measles,0.0,1871882.0,0.0,15.0,93.0
2024,Liechtenstein,Measles,0.0,40015.0,0.0,15.0,93.0
2024,Lithuania,Measles,30.0,2885891.0,1.04,15.0,93.0
2024,Luxembourg,Measles,3.0,672050.0,0.45,15.0,93.0
2024,Malta,Measles,9.0,563443.0,1.6,15.0,93.0
2024,Netherlands,Measles,205.0,17942942.0,1.14,15.0,93.0
2024,Norway,Measles,10.0,5550217.0,0.18,17.0,96.0
2024,Poland,Measles,272.0,36620970.0,0.74,15.3,93.0
2024,Portugal,Measles,35.0,10639726.0,0.33,15.0,93.0
2024,Romania,Measles,30690.0,19067576.0,160.95,15.0,93.0
2024,Slovakia,Measles,4.0,5424687.0,0.07,15.8,95.0
2024,Slovenia,Measles,17.0,2123949.0,0.8,15.0,93.0
2024,Spain,Measles,241.0,48619695.0,0.5,14.2,95.0
2024,Sweden,Measles,37.0,10551707.0,0.35,17.5,97.0
2024,United Kingdom,Measles,0.0,67025542.0,0.0,17.8,91.0
2025,Austria,Measles,152.0,9158750.0,1.66,15.0,93.0
2025,Belgium,Measles,386.0,11817096.0,3.27,15.0,93.0
2025,Bulgaria,Measles,1.0,6445481.0,0.02,15.0,93.0
2025,Croatia,Measles,7.0,3861967.0,0.18,15.0,93.0
2025,Cyprus,Measles,23.0,966365.0,2.38,15.0,93.0
2025,Czechia,Measles,26.0,10900555.0,0.24,16.1,94.0
2025,Denmark,Measles,8.0,5961249.0,0.13,15.0,93.0
2025,Estonia,Measles,5.0,1374687.0,0.36,15.0,93.0
2025,Finland,Measles,1.0,5603851.0,0.02,15.0,93.0
2025,France,Measles,864.0,68467362.0,1.26,17.7,90.0
2025,Germany,Measles,213.0,83456045.0,0.26,13.8,92.0
2025,Greece,Measles,4.0,10400720.0,0.04,15.0,93.0
2025,Hungary,Measles,3.0,9584627.0,0.03,14.4,98.0
2025,Iceland,Measles,0.0,383567.0,0.0,15.0,93.0
2025,Ireland,Measles,49.0,5351681.0,0.92,15.0,93.0
2025,Italy,Measles,474.0,58971230.0,0.8,12.7,94.0
2025,Latvia,Measles,1.0,1871882.0,0.05,15.0,93.0
2025,Liechtenstein,Measles,0.0,40015.0,0.0,15.0,93.0
2025,Lithuania,Measles,7.0,2885891.0,0.24,15.0,93.0
2025,Luxembourg,Measles,1.0,672050.0,0.15,15.0,93.0
2025,Malta,Measles,0.0,563443.0,0.0,15.0,93.0
2025,Netherlands,Measles,530.0,17942942.0,2.95,15.0,93.0
2025,Norway,Measles,4.0,5550217.0,0.07,17.0,96.0
2025,Poland,Measles,73.0,36620970.0,0.2,15.3,93.0
2025,Portugal,Measles,21.0,10639726.0,0.2,15.0,93.0
2025,Romania,Measles,4143.0,19067576.0,21.73,15.0,93.0
2025,Slovakia,Measles,4.0,5424687.0,0.07,15.8,95.0
2025,Slovenia,Measles,3.0,2123949.0,0.14,15.0,93.0
2025,Spain,Measles,407.0,48619695.0,0.84,14.2,95.0
2025,Sweden,Measles,8.0,10551707.0,0.08,17.5,97.0
2025,United Kingdom,Measles,0.0,67025542.0,0.0,17.8,91.0
