Time,Year,RegionName,Cases,Population,Incidence
1998,1998,Austria,113.0,7971116.0,1.41761831
1998,1998,Belgium,,10192264.0,
1998,1998,Bulgaria,,8283200.0,
1998,1998,Croatia,,4536812.0,
1998,1998,Cyprus,,675215.0,
1998,1998,Czechia,,10299125.0,
1998,1998,Denmark,344.0,5294860.0,6.49686677
1998,1998,Estonia,,1393074.0,
1998,1998,Finland,,5147349.0,
1998,1998,France,180.0,59934884.0,
1998,1998,Germany,,82057379.0,
1998,1998,Greece,85.0,10693250.0,0.79489397
1998,1998,Hungary,,10279724.0,
1998,1998,Iceland,3.0,272381.0,1.1013984
1998,1998,Ireland,248.0,3693386.0,6.71470569
1998,1998,Italy,6981.0,56904379.0,12.26794865
1998,1998,Latvia,,2420789.0,
1998,1998,Lithuania,96.0,3562261.0,2.69491763
1998,1998,Luxembourg,,422050.0,
1998,1998,Malta,4.0,384176.0,1.04118945
1998,1998,Netherlands,2572.0,15654192.0,16.43010383
1998,1998,Norway,2310.0,4417599.0,52.29084849
1998,1998,Poland,,38659979.0,
1998,1998,Portugal,9.0,10133758.0,0.08881206
1998,1998,Romania,,22526093.0,
1998,1998,Slovakia,,5387650.0,
1998,1998,Slovenia,,1984923.0,
1998,1998,Spain,106.0,40143449.0,0.26405304
1998,1998,Sweden,1769.0,8847625.0,19.9940662
1998,1998,United Kingdom,386.0,58394596.0,0.66102007
1999,1999,Austria,103.0,7982461.0,1.29032888
1999,1999,Belgium,,10213752.0,
1999,1999,Bulgaria,,8230371.0,
1999,1999,Croatia,,4527460.0,
1999,1999,Cyprus,,682862.0,
1999,1999,Czechia,,10289621.0,
1999,1999,Denmark,947.0,5313577.0,17.82226925
1999,1999,Estonia,,1379237.0,
1999,1999,Finland,,5159646.0,
1999,1999,France,195.0,60158533.0,
1999,1999,Germany,,82037011.0,
1999,1999,Greece,36.0,10747768.0,0.33495326
1999,1999,Hungary,,10253416.0,
1999,1999,Iceland,22.0,275712.0,7.97934076
1999,1999,Ireland,179.0,3732006.0,4.79634813
1999,1999,Italy,3798.0,56909109.0,6.67379979
1999,1999,Latvia,,2399248.0,
1999,1999,Lithuania,80.0,3536401.0,2.26218689
1999,1999,Luxembourg,,427350.0,
1999,1999,Malta,60.0,386397.0,15.52807087
1999,1999,Netherlands,6988.0,15760225.0,44.3394685
1999,1999,Norway,1241.0,4445329.0,27.91694383
1999,1999,Poland,,38666983.0,
1999,1999,Portugal,12.0,10186634.0,0.11780142
1999,1999,Romania,,22488595.0,
1999,1999,Slovakia,,5393382.0,
1999,1999,Slovenia,,1978334.0,
1999,1999,Spain,220.0,40303568.0,0.54585737
1999,1999,Sweden,2425.0,8854322.0,27.38775481
1999,1999,United Kingdom,342.0,58579685.0,0.58382014
2000,2000,Austria,117.0,8002186.0,1.46210048
2000,2000,Belgium,,10239085.0,
2000,2000,Bulgaria,,8190876.0,
2000,2000,Croatia,,4497735.0,
2000,2000,Cyprus,,690497.0,
2000,2000,Czechia,,10278098.0,
2000,2000,Denmark,923.0,5330020.0,17.31700819
2000,2000,Estonia,,1401250.0,
2000,2000,Finland,,5171302.0,
2000,2000,France,275.0,60545022.0,
2000,2000,Germany,,82163475.0,
2000,2000,Greece,13.0,10775627.0,0.12064263
2000,2000,Hungary,,10221644.0,
2000,2000,Iceland,8.0,279049.0,2.86688001
2000,2000,Ireland,152.0,3777565.0,4.02375604
2000,2000,Italy,2542.0,56923524.0,4.4656406
2000,2000,Latvia,,2381715.0,
2000,2000,Lithuania,91.0,3512074.0,2.59106157
2000,2000,Luxembourg,,433600.0,
2000,2000,Malta,3.0,388759.0,0.77168631
2000,2000,Netherlands,4359.0,15863950.0,27.47739371
2000,2000,Norway,3445.0,4478497.0,76.92312845
2000,2000,Poland,,38263303.0,
2000,2000,Portugal,22.0,10249022.0,0.21465462
2000,2000,Romania,,22455485.0,
2000,2000,Slovakia,,5398657.0,
2000,2000,Slovenia,,1987755.0,
2000,2000,Spain,587.0,40470182.0,1.4504506
2000,2000,Sweden,2705.0,8861426.0,30.52556101
2000,2000,United Kingdom,211.0,58785246.0,0.3589336
2001,2001,Austria,253.0,8020946.0,3.1542414
2001,2001,Belgium,,10263414.0,
2001,2001,Bulgaria,,8149468.0,
2001,2001,Croatia,,4295406.0,
2001,2001,Cyprus,,697549.0,
2001,2001,Czechia,,10232027.0,
2001,2001,Denmark,919.0,5349212.0,17.18010054
2001,2001,Estonia,,1392720.0,
2001,2001,Finland,,5181115.0,
2001,2001,France,120.0,60979315.0,
2001,2001,Germany,,82259540.0,
2001,2001,Greece,93.0,10835989.0,0.85825114
2001,2001,Hungary,,10200298.0,
2001,2001,Iceland,3.0,283361.0,1.05872014
2001,2001,Ireland,142.0,3832783.0,3.70487971
2001,2001,Italy,1805.0,56960692.0,3.16885195
2001,2001,Latvia,,2353384.0,
2001,2001,Lithuania,162.0,3486998.0,4.64583002
2001,2001,Luxembourg,,439000.0,
2001,2001,Malta,1.0,391415.0,0.25548331
2001,2001,Netherlands,8034.0,15987075.0,50.25309507
2001,2001,Norway,2578.0,4503436.0,57.24517901
2001,2001,Poland,,38253955.0,
2001,2001,Portugal,2.0,10330774.0,0.01935963
2001,2001,Romania,,22430457.0,
2001,2001,Slovakia,,5378783.0,
2001,2001,Slovenia,,1990094.0,
2001,2001,Spain,271.0,40665545.0,0.66641182
2001,2001,Sweden,979.0,8882792.0,11.02130951
2001,2001,United Kingdom,310.0,58999781.0,0.52542567
2002,2002,Austria,157.0,8063640.0,1.94701152
2002,2002,Belgium,,10309725.0,
2002,2002,Bulgaria,,7868815.0,
2002,2002,Croatia,,4305494.0,
2002,2002,Cyprus,,705539.0,
2002,2002,Czechia,,10201182.0,
2002,2002,Denmark,1938.0,5368354.0,36.1004509
2002,2002,Estonia,,1383510.0,
2002,2002,Finland,,5194901.0,
2002,2002,France,60.0,61424036.0,
2002,2002,Germany,,82440309.0,
2002,2002,Greece,16.0,10888274.0,0.14694707
2002,2002,Hungary,,10174853.0,
2002,2002,Iceland,11.0,286575.0,3.8384367
2002,2002,Ireland,131.0,3899702.0,3.35923103
2002,2002,Italy,2576.0,56993270.0,4.5198319
2002,2002,Latvia,,2320956.0,
2002,2002,Lithuania,23.0,3454637.0,0.66577183
2002,2002,Luxembourg,,444050.0,
2002,2002,Malta,4.0,394641.0,1.01357943
2002,2002,Netherlands,4549.0,16105285.0,28.24538652
2002,2002,Norway,3174.0,4524066.0,70.15812766
2002,2002,Poland,,38242197.0,
2002,2002,Portugal,2.0,10394669.0,0.01924063
2002,2002,Romania,,21833483.0,
2002,2002,Slovakia,,5378951.0,
2002,2002,Slovenia,,1994026.0,
2002,2002,Spain,347.0,41035278.0,0.84561386
2002,2002,Sweden,1350.0,8909128.0,15.15299813
2002,2002,United Kingdom,380.0,59239564.0,0.64146319
2003,2003,Austria,170.0,8100273.0,2.09869469
2003,2003,Belgium,,10355844.0,
2003,2003,Bulgaria,180.0,7805506.0,2.30606446
2003,2003,Croatia,94.0,4305384.0,2.1833128
2003,2003,Cyprus,58.0,713720.0,8.12643613
2003,2003,Czechia,342.0,10192649.0,3.35535933
2003,2003,Denmark,566.0,5383507.0,10.51359271
2003,2003,Estonia,623.0,1375190.0,45.30283088
2003,2003,Finland,1264.0,5206295.0,24.27830155
2003,2003,France,60.0,61864088.0,
2003,2003,Germany,,82536680.0,
2003,2003,Greece,10.0,10915770.0,0.09161057
2003,2003,Hungary,29.0,10142362.0,0.28592945
2003,2003,Iceland,3.0,288471.0,1.03996588
2003,2003,Ireland,40.0,3964191.0,1.00903311
2003,2003,Italy,1278.0,57186378.0,2.23479794
2003,2003,Latvia,99.0,2299390.0,4.30548971
2003,2003,Lithuania,5.0,3431497.0,0.145709
2003,2003,Luxembourg,0.0,448300.0,0.0
2003,2003,Malta,7.0,397296.0,1.76191051
2003,2003,Netherlands,2862.0,16192572.0,17.67477087
2003,2003,Norway,2768.0,4552252.0,60.80506966
2003,2003,Poland,2034.0,38218531.0,5.32202559
2003,2003,Portugal,4.0,10444592.0,0.03829733
2003,2003,Romania,94.0,21627509.0,0.43463165
2003,2003,Slovakia,47.0,5374873.0,0.87443926
2003,2003,Slovenia,182.0,1995033.0,9.12265611
2003,2003,Spain,551.0,41827838.0,1.31730451
2003,2003,Sweden,664.0,8940788.0,7.42663845
2003,2003,United Kingdom,270.0,59501394.0,0.45377088
2004,2004,Austria,130.0,8142573.0,1.59654693
2004,2004,Belgium,,10396421.0,
2004,2004,Bulgaria,222.0,7745147.0,2.86631099
2004,2004,Croatia,197.0,4305725.0,4.57530381
2004,2004,Cyprus,15.0,722893.0,2.07499588
2004,2004,Czechia,373.0,10195347.0,3.65853168
2004,2004,Denmark,1272.0,5397640.0,23.5658547
2004,2004,Estonia,455.0,1366250.0,33.30283623
2004,2004,Finland,1631.0,5219732.0,31.24681497
2004,2004,France,105.0,62292241.0,
2004,2004,Germany,,82531671.0,
2004,2004,Greece,25.0,10940369.0,0.22851148
2004,2004,Hungary,31.0,10116742.0,0.30642275
2004,2004,Iceland,1.0,290570.0,0.34415115
2004,2004,Ireland,92.0,4028851.0,2.28352947
2004,2004,Italy,1343.0,57611990.0,2.33111197
2004,2004,Latvia,41.0,2276520.0,1.8009945
2004,2004,Lithuania,49.0,3398929.0,1.44163058
2004,2004,Luxembourg,3.0,454960.0,0.65939862
2004,2004,Malta,6.0,399867.0,1.50049891
2004,2004,Netherlands,9753.0,16258032.0,59.98881045
2004,2004,Norway,6709.0,4577457.0,146.56609554
2004,2004,Poland,2954.0,38190608.0,7.73488602
2004,2004,Portugal,38.0,10473050.0,0.36283604
2004,2004,Romania,233.0,21521142.0,1.0826563
2004,2004,Slovakia,21.0,5371875.0,0.39092495
2004,2004,Slovenia,113.0,1996433.0,5.66009477
2004,2004,Spain,530.0,42547451.0,1.24566804
2004,2004,Sweden,1567.0,8975670.0,17.45830673
2004,2004,United Kingdom,370.0,59793759.0,0.61879367
2005,2005,Austria,135.0,8201359.0,1.64606865
2005,2005,Belgium,,10445852.0,
2005,2005,Bulgaria,313.0,7688573.0,4.07097649
2005,2005,Croatia,124.0,4310861.0,2.87645553
2005,2005,Cyprus,6.0,733067.0,0.81847907
2005,2005,Czechia,412.0,10198855.0,4.03966915
2005,2005,Denmark,596.0,5411405.0,11.01377553
2005,2005,Estonia,63.0,1358850.0,4.63627331
2005,2005,Finland,552.0,5236611.0,10.5411687
2005,2005,France,161.0,62772870.0,
2005,2005,Germany,,82500849.0,
2005,2005,Greece,26.0,10969912.0,0.23701192
2005,2005,Hungary,22.0,10097549.0,0.21787465
2005,2005,Iceland,6.0,293577.0,2.04375683
2005,2005,Ireland,83.0,4111672.0,2.01864351
2005,2005,Italy,802.0,58044368.0,1.38170166
2005,2005,Latvia,25.0,2249724.0,1.11124742
2005,2005,Lithuania,64.0,3355220.0,1.90747551
2005,2005,Luxembourg,0.0,461230.0,0.0
2005,2005,Malta,5.0,402668.0,1.24171774
2005,2005,Netherlands,5913.0,16305526.0,36.26377953
2005,2005,Norway,4503.0,4606363.0,97.75608218
2005,2005,Poland,1925.0,38173835.0,5.04272101
2005,2005,Portugal,78.0,10494672.0,0.74323428
2005,2005,Romania,52.0,21382354.0,0.24319118
2005,2005,Slovakia,17.0,5372685.0,0.31641534
2005,2005,Slovenia,85.0,1997590.0,4.25512742
2005,2005,Spain,304.0,43296338.0,0.7021379
2005,2005,Sweden,1360.0,9011392.0,15.09200798
2005,2005,United Kingdom,456.0,60182050.0,0.757701
2006,2006,Austria,78.0,8254298.0,0.94496224
2006,2006,Belgium,197.0,10511382.0,
2006,2006,Bulgaria,335.0,7629371.0,4.39092554
2006,2006,Croatia,80.0,4312487.0,1.85507805
2006,2006,Cyprus,8.0,744013.0,1.07525002
2006,2006,Czechia,234.0,10223577.0,2.28882709
2006,2006,Denmark,272.0,5427459.0,5.01155328
2006,2006,Estonia,153.0,1350700.0,11.32745983
2006,2006,Finland,536.0,5255580.0,10.19868406
2006,2006,France,139.0,63229635.0,
2006,2006,Germany,,82437995.0,
2006,2006,Greece,13.0,11004716.0,0.11813117
2006,2006,Hungary,17.0,10076581.0,0.16870801
2006,2006,Iceland,3.0,299891.0,1.00036346
2006,2006,Ireland,62.0,4208156.0,1.47332941
2006,2006,Italy,836.0,58288996.0,1.43423297
2006,2006,Latvia,29.0,2227874.0,1.30168941
2006,2006,Lithuania,6.0,3289835.0,0.18237996
2006,2006,Luxembourg,0.0,469086.0,0.0
2006,2006,Malta,2.0,404999.0,0.49382837
2006,2006,Netherlands,4275.0,16334210.0,26.17206464
2006,2006,Norway,6587.0,4640219.0,141.95450688
2006,2006,Poland,1520.0,38157055.0,3.98353594
2006,2006,Portugal,22.0,10511988.0,0.20928486
2006,2006,Romania,37.0,21257016.0,0.17406017
2006,2006,Slovakia,21.0,5372928.0,0.39084834
2006,2006,Slovenia,551.0,2003358.0,27.50382108
2006,2006,Spain,374.0,44009971.0,0.84980742
2006,2006,Sweden,795.0,9047752.0,8.78671298
2006,2006,United Kingdom,553.0,60620361.0,0.91223475
2007,2007,Austria,136.0,8282984.0,1.64192035
2007,2007,Belgium,214.0,10584534.0,
2007,2007,Bulgaria,269.0,7572673.0,3.55224634
2007,2007,Croatia,123.0,4313530.0,2.85149286
2007,2007,Cyprus,9.0,757916.0,1.18746668
2007,2007,Czechia,185.0,10254233.0,1.80413298
2007,2007,Denmark,455.0,5447084.0,8.35309314
2007,2007,Estonia,409.0,1342920.0,30.4560212
2007,2007,Finland,480.0,5276955.0,9.09615488
2007,2007,France,61.0,63645065.0,
2007,2007,Germany,,82314906.0,
2007,2007,Greece,29.0,11036008.0,0.26277617
2007,2007,Hungary,48.0,10066158.0,0.47684528
2007,2007,Iceland,2.0,307672.0,0.6500429
2007,2007,Ireland,78.0,4340118.0,1.79718615
2007,2007,Italy,795.0,58510725.0,1.35872525
2007,2007,Latvia,27.0,2208840.0,1.22236105
2007,2007,Lithuania,17.0,3249983.0,0.52307965
2007,2007,Luxembourg,4.0,476187.0,0.84000613
2007,2007,Malta,0.0,405616.0,0.0
2007,2007,Netherlands,7374.0,16357992.0,45.07888254
2007,2007,Norway,5373.0,4681134.0,114.77988025
2007,2007,Poland,1987.0,38125479.0,5.21173779
2007,2007,Portugal,21.0,10532588.0,0.19938119
2007,2007,Romania,35.0,21130503.0,0.16563732
2007,2007,Slovakia,21.0,5373180.0,0.39083001
2007,2007,Slovenia,708.0,2010377.0,35.21727516
2007,2007,Spain,263.0,44784666.0,0.58725457
2007,2007,Sweden,685.0,9113257.0,7.51652235
2007,2007,United Kingdom,1038.0,61073279.0,1.69959762
2008,2008,Austria,175.0,8307989.0,2.10640625
2008,2008,Belgium,174.0,10666866.0,
2008,2008,Bulgaria,193.0,7518002.0,2.56717143
2008,2008,Croatia,102.0,4311967.0,2.36550975
2008,2008,Cyprus,2.0,776333.0,0.2576214
2008,2008,Czechia,765.0,10343422.0,7.39600491
2008,2008,Denmark,513.0,5475791.0,9.36850949
2008,2008,Estonia,485.0,1338440.0,36.23621529
2008,2008,Finland,1022.0,5300484.0,19.28125808
2008,2008,France,114.0,64007193.0,
2008,2008,Germany,,82217837.0,
2008,2008,Greece,22.0,11060937.0,0.19889815
2008,2008,Hungary,33.0,10045401.0,0.32850853
2008,2008,Iceland,1.0,315459.0,0.3169984
2008,2008,Ireland,104.0,4457765.0,2.33300768
2008,2008,Italy,339.0,59001769.0,0.57455904
2008,2008,Latvia,14.0,2191810.0,0.63874149
2008,2008,Lithuania,51.0,3212605.0,1.58749675
2008,2008,Luxembourg,2.0,483799.0,0.41339481
2008,2008,Malta,0.0,407832.0,0.0
2008,2008,Netherlands,8745.0,16405399.0,53.30562213
2008,2008,Norway,3887.0,4737171.0,82.05319166
2008,2008,Poland,2163.0,38115641.0,5.67483569
2008,2008,Portugal,72.0,10553339.0,0.68224852
2008,2008,Romania,51.0,20635460.0,0.24714738
2008,2008,Slovakia,105.0,5376064.0,1.95310174
2008,2008,Slovenia,182.0,2010269.0,9.05351472
2008,2008,Spain,613.0,45668939.0,1.34226897
2008,2008,Sweden,459.0,9182927.0,4.99840628
2008,2008,United Kingdom,1051.0,61571647.0,1.7069545
2009,2009,Austria,184.0,8335003.0,2.20755769
2009,2009,Belgium,160.0,10753080.0,
2009,2009,Bulgaria,251.0,7467119.0,3.3614035
2009,2009,Croatia,102.0,4309796.0,2.36670134
2009,2009,Cyprus,8.0,796930.0,1.00385228
2009,2009,Czechia,954.0,10425783.0,9.15039186
2009,2009,Denmark,541.0,5511451.0,9.81592687
2009,2009,Estonia,629.0,1335740.0,47.09000254
2009,2009,Finland,267.0,5326314.0,5.01284753
2009,2009,France,166.0,64350226.0,
2009,2009,Germany,,82002356.0,
2009,2009,Greece,27.0,11094745.0,0.24335845
2009,2009,Hungary,33.0,10030975.0,0.32898098
2009,2009,Iceland,0.0,319368.0,0.0
2009,2009,Ireland,78.0,4521322.0,1.72515914
2009,2009,Italy,638.0,59420592.0,1.07370185
2009,2009,Latvia,9.0,2162834.0,0.4161207
2009,2009,Lithuania,233.0,3183856.0,7.31817016
2009,2009,Luxembourg,1.0,493500.0,0.20263424
2009,2009,Malta,0.0,410926.0,0.0
2009,2009,Netherlands,6461.0,16485787.0,39.19133493
2009,2009,Norway,5544.0,4799252.0,115.51800155
2009,2009,Poland,2390.0,38135876.0,6.26706464
2009,2009,Portugal,64.0,10563014.0,0.60588767
2009,2009,Romania,10.0,20440290.0,0.04892298
2009,2009,Slovakia,288.0,5382401.0,5.35077189
2009,2009,Slovenia,441.0,2032362.0,21.69889025
2009,2009,Spain,473.0,46239273.0,1.02293995
2009,2009,Sweden,281.0,9256347.0,3.03575481
2009,2009,United Kingdom,852.0,62042343.0,1.37325568
2010,2010,Austria,435.0,8351643.0,5.20855596
2010,2010,Belgium,100.0,10839905.0,
2010,2010,Bulgaria,54.0,7421766.0,0.72758963
2010,2010,Croatia,45.0,4302847.0,1.04581919
2010,2010,Cyprus,0.0,819140.0,0.0
2010,2010,Czechia,661.0,10462088.0,6.31805046
2010,2010,Denmark,372.0,5534738.0,6.72118535
2010,2010,Estonia,1295.0,1333290.0,97.12815666
2010,2010,Finland,343.0,5351427.0,6.40950535
2010,2010,France,49.0,64658856.0,
2010,2010,Germany,,81802257.0,
2010,2010,Greece,64.0,11119289.0,0.57557637
2010,2010,Hungary,25.0,10014324.0,0.24964241
2010,2010,Iceland,0.0,317630.0,0.0
2010,2010,Ireland,114.0,4549428.0,2.50580952
2010,2010,Italy,463.0,59690316.0,0.77567021
2010,2010,Latvia,9.0,2120504.0,0.4244274
2010,2010,Lithuania,19.0,3141976.0,0.60471499
2010,2010,Luxembourg,0.0,502066.0,0.0
2010,2010,Malta,0.0,414027.0,0.0
2010,2010,Netherlands,3733.0,16574989.0,22.52188523
2010,2010,Norway,3560.0,4858199.0,73.27818395
2010,2010,Poland,1266.0,38022869.0,3.32957515
2010,2010,Portugal,14.0,10573479.0,0.13240675
2010,2010,Romania,29.0,20294683.0,0.14289456
2010,2010,Slovakia,1378.0,5390410.0,25.56391814
2010,2010,Slovenia,611.0,2046976.0,29.84890882
2010,2010,Spain,714.0,46486619.0,1.53592585
2010,2010,Sweden,263.0,9340682.0,2.81564022
2010,2010,United Kingdom,422.0,62510197.0,0.67508985
2011,2011,Austria,288.0,8375164.0,3.43873863
2011,2011,Belgium,268.0,11000638.0,
2011,2011,Bulgaria,46.0,7369431.0,0.62420015
2011,2011,Croatia,,4289857.0,
2011,2011,Cyprus,2.0,839751.0,0.23816583
2011,2011,Czechia,324.0,10486731.0,3.08961868
2011,2011,Denmark,373.0,5560628.0,6.70787544
2011,2011,Estonia,478.0,1329660.0,35.9490396
2011,2011,Finland,555.0,5375276.0,10.32505121
2011,2011,France,92.0,64978721.0,
2011,2011,Germany,,80222065.0,
2011,2011,Greece,3.0,11123392.0,0.02697019
2011,2011,Hungary,9.0,9985722.0,0.09012868
2011,2011,Iceland,0.0,318452.0,0.0
2011,2011,Ireland,229.0,4570881.0,5.0099751
2011,2011,Italy,516.0,59948497.0,0.86073884
2011,2011,Latvia,10.0,2074605.0,0.48201946
2011,2011,Lithuania,30.0,3052588.0,0.98277265
2011,2011,Luxembourg,4.0,511840.0,0.78149421
2011,2011,Malta,20.0,414989.0,4.81940485
2011,2011,Netherlands,5447.0,16655799.0,32.70332452
2011,2011,Norway,4405.0,4920305.0,89.52697038
2011,2011,Poland,1669.0,38062718.0,4.38486815
2011,2011,Portugal,32.0,10572721.0,0.30266569
2011,2011,Romania,86.0,20199059.0,0.4257624
2011,2011,Slovakia,936.0,5392446.0,17.3576147
2011,2011,Slovenia,284.0,2050189.0,13.85238141
2011,2011,Spain,2325.0,46667174.0,4.98208869
2011,2011,Sweden,177.0,9415570.0,1.87986494
2011,2011,United Kingdom,1053.0,63022532.0,1.67083099
2012,2012,Austria,571.0,8408121.0,6.79105355
2012,2012,Belgium,500.0,11075889.0,
2012,2012,Bulgaria,102.0,7327224.0,1.39206881
2012,2012,Croatia,0.0,4275984.0,0.0
2012,2012,Cyprus,16.0,862011.0,1.8561248
2012,2012,Czechia,737.0,10505445.0,7.01540962
2012,2012,Denmark,980.0,5580516.0,17.56110008
2012,2012,Estonia,149.0,1325217.0,11.24344164
2012,2012,Finland,541.0,5401267.0,10.01616842
2012,2012,France,196.0,65276983.0,
2012,2012,Germany,,80327900.0,
2012,2012,Greece,56.0,11086406.0,0.50512312
2012,2012,Hungary,5.0,9931925.0,0.0503427
2012,2012,Iceland,36.0,319575.0,11.26496127
2012,2012,Ireland,458.0,4589287.0,9.97976374
2012,2012,Italy,489.0,60105185.0,0.81357373
2012,2012,Latvia,257.0,2044813.0,12.56838644
2012,2012,Lithuania,154.0,3003641.0,5.12711072
2012,2012,Luxembourg,11.0,524853.0,2.09582492
2012,2012,Malta,3.0,417546.0,0.71848371
2012,2012,Netherlands,12853.0,16730348.0,76.82446294
2012,2012,Norway,4247.0,4985870.0,85.18072071
2012,2012,Poland,4684.0,38063792.0,12.30565782
2012,2012,Portugal,237.0,10558950.0,2.24806538
2012,2012,Romania,83.0,20095996.0,0.41301759
2012,2012,Slovakia,950.0,5404322.0,17.57852326
2012,2012,Slovenia,178.0,2055496.0,8.65971035
2012,2012,Spain,1804.0,46818219.0,3.85320082
2012,2012,Sweden,289.0,9482855.0,3.04760538
2012,2012,United Kingdom,9718.0,63495088.0,15.30512092
2013,2013,Austria,580.0,8451860.0,6.86239478
2013,2013,Belgium,799.0,11137974.0,
2013,2013,Bulgaria,89.0,7202556.0,1.23567244
2013,2013,Croatia,109.0,4247803.0,2.56603237
2013,2013,Cyprus,9.0,862854.0,1.03940739
2013,2013,Czechia,1233.0,10516125.0,11.72485112
2013,2013,Denmark,484.0,5602628.0,8.63880307
2013,2013,Estonia,55.0,1320174.0,4.16611749
2013,2013,Finland,192.0,5426674.0,3.53807875
2013,2013,France,108.0,65600350.0,
2013,2013,Germany,,80523746.0,
2013,2013,Greece,40.0,11003615.0,0.36351689
2013,2013,Hungary,20.0,9895250.0,0.20184082
2013,2013,Iceland,31.0,321857.0,9.63160658
2013,2013,Ireland,174.0,4609779.0,3.77458442
2013,2013,Italy,523.0,60277309.0,0.86765651
2013,2013,Latvia,201.0,2023825.0,9.93168875
2013,2013,Lithuania,65.0,2974637.0,2.18714932
2013,2013,Luxembourg,29.0,537039.0,5.39998026
2013,2013,Malta,3.0,421464.0,0.71004404
2013,2013,Netherlands,2982.0,16779575.0,17.77160625
2013,2013,Norway,2608.0,5051275.0,51.63052892
2013,2013,Poland,2182.0,38062535.0,5.73267124
2013,2013,Portugal,106.0,10503889.0,1.01074739
2013,2013,Romania,57.0,20020074.0,0.28471423
2013,2013,Slovakia,907.0,5410836.0,16.76265922
2013,2013,Slovenia,169.0,2058821.0,8.20858151
2013,2013,Spain,1678.0,46712650.0,3.59100314
2013,2013,Sweden,237.0,9555893.0,2.48014497
2013,2013,United Kingdom,4623.0,63905342.0,7.23413701
2014,2014,Austria,370.0,8507786.0,4.34895753
2014,2014,Belgium,1395.0,11180840.0,
2014,2014,Bulgaria,52.0,7117453.0,0.73059843
2014,2014,Croatia,131.0,4217632.0,3.1060083
2014,2014,Cyprus,7.0,860032.0,0.81585081
2014,2014,Czechia,2521.0,10512419.0,23.9811598
2014,2014,Denmark,854.0,5627235.0,15.17619221
2014,2014,Estonia,43.0,1315819.0,3.26792666
2014,2014,Finland,206.0,5451270.0,3.77893591
2014,2014,France,83.0,66165980.0,
2014,2014,Germany,12019.0,80767463.0,14.88099236
2014,2014,Greece,15.0,10926807.0,0.13727706
2014,2014,Hungary,20.0,9850217.0,0.20248315
2014,2014,Iceland,,325671.0,
2014,2014,Ireland,73.0,4637852.0,1.57400451
2014,2014,Italy,670.0,60345917.0,1.11026567
2014,2014,Latvia,82.0,2001468.0,4.0969928
2014,2014,Lithuania,143.0,2947862.0,4.80730926
2014,2014,Luxembourg,6.0,549680.0,1.09154417
2014,2014,Malta,1.0,428156.0,0.23287007
2014,2014,Netherlands,8067.0,16829289.0,47.93428884
2014,2014,Norway,3032.0,5109056.0,59.35821862
2014,2014,Poland,2100.0,38017856.0,5.52372022
2014,2014,Portugal,74.0,10444092.0,0.70967549
2014,2014,Romania,87.0,19947311.0,0.43614901
2014,2014,Slovakia,1123.0,5415949.0,20.73505492
2014,2014,Slovenia,399.0,2061085.0,19.35873581
2014,2014,Spain,2607.0,46495744.0,5.60498117
2014,2014,Sweden,703.0,9644864.0,7.28885342
2014,2014,United Kingdom,3421.0,64351203.0,5.31613993
2015,2015,Austria,579.0,8584926.0,6.74437962
2015,2015,Belgium,1118.0,11237274.0,
2015,2015,Bulgaria,35.0,7029690.0,0.49788824
2015,2015,Croatia,49.0,4180915.0,1.17199225
2015,2015,Cyprus,3.0,860846.0,0.35418791
2015,2015,Czechia,585.0,10538275.0,5.55119315
2015,2015,Denmark,945.0,5659715.0,16.69695382
2015,2015,Estonia,77.0,1314870.0,5.85609223
2015,2015,Finland,165.0,5471753.0,3.01548699
2015,2015,France,17.0,66458153.0,
2015,2015,Germany,8938.0,81197537.0,11.00772305
2015,2015,Greece,17.0,10858018.0,0.15656632
2015,2015,Hungary,5.0,9815858.0,0.05073272
2015,2015,Iceland,4.0,329100.0,1.21543603
2015,2015,Ireland,118.0,4677627.0,2.52264663
2015,2015,Italy,503.0,60295497.0,0.83422481
2015,2015,Latvia,210.0,1986096.0,10.57350702
2015,2015,Lithuania,60.0,2926644.0,2.03537343
2015,2015,Luxembourg,0.0,562958.0,0.0
2015,2015,Malta,0.0,438805.0,0.0
2015,2015,Netherlands,6178.0,16900726.0,36.55464268
2015,2015,Norway,1902.0,5165802.0,36.81906507
2015,2015,Poland,4956.0,38005614.0,13.04017874
2015,2015,Portugal,238.0,10395121.0,2.29401526
2015,2015,Romania,98.0,19870647.0,0.49318977
2015,2015,Slovakia,334.0,5421349.0,6.16082823
2015,2015,Slovenia,68.0,2062874.0,3.29637195
2015,2015,Spain,6863.0,46425722.0,14.77516527
2015,2015,Sweden,603.0,9747355.0,6.18629361
2015,2015,United Kingdom,4288.0,64853393.0,6.61183602
2016,2016,Austria,1291.0,8700471.0,14.83827714
2016,2016,Belgium,1325.0,11311117.0,
2016,2016,Bulgaria,98.0,6938759.0,1.4123563
2016,2016,Croatia,122.0,4131115.0,2.95319786
2016,2016,Cyprus,2.0,863764.0,0.23576036
2016,2016,Czechia,627.0,10553843.0,5.94096387
2016,2016,Denmark,2096.0,5707251.0,36.72521148
2016,2016,Estonia,74.0,1315944.0,5.62333959
2016,2016,Finland,432.0,5487308.0,7.87271281
2016,2016,France,0.0,66638391.0,
2016,2016,Germany,13437.0,82175684.0,16.35155236
2016,2016,Greece,87.0,10783748.0,0.80676959
2016,2016,Hungary,5.0,9779652.0,0.05086219
2016,2016,Iceland,15.0,332529.0,4.51088476
2016,2016,Ireland,213.0,4726286.0,4.50670991
2016,2016,Italy,965.0,60163712.0,1.60395688
2016,2016,Latvia,256.0,1968957.0,13.00180755
2016,2016,Lithuania,36.0,2895573.0,1.23007786
2016,2016,Luxembourg,7.0,576249.0,1.21475265
2016,2016,Malta,0.0,449635.0,0.0
2016,2016,Netherlands,5080.0,16979120.0,29.91910063
2016,2016,Norway,2205.0,5213985.0,42.31660071
2016,2016,Poland,6828.0,37967209.0,17.98393977
2016,2016,Portugal,563.0,10368554.0,5.444174
2016,2016,Romania,72.0,19760585.0,0.36436168
2016,2016,Slovakia,289.0,5426252.0,5.32595979
2016,2016,Slovenia,127.0,2064188.0,6.15254036
2016,2016,Spain,4095.0,46418884.0,8.81781065
2016,2016,Sweden,679.0,9851017.0,6.89268935
2016,2016,United Kingdom,6059.0,65379044.0,9.26749556
2017,2017,Austria,1411.0,8772865.0,16.08368531
2017,2017,Belgium,1038.0,11351727.0,
2017,2017,Bulgaria,116.0,6849518.0,1.69354982
2017,2017,Croatia,78.0,4078769.0,1.91234168
2017,2017,Cyprus,17.0,869878.0,1.98876464
2017,2017,Czechia,667.0,10578820.0,6.30505103
2017,2017,Denmark,1068.0,5748769.0,18.57789032
2017,2017,Estonia,56.0,1315635.0,4.25649971
2017,2017,Finland,401.0,5503297.0,7.28654114
2017,2017,France,100.0,66809816.0,
2017,2017,Germany,16193.0,82521653.0,19.62272859
2017,2017,Greece,40.0,10768193.0,0.37146436
2017,2017,Hungary,15.0,9739857.0,0.15309932
2017,2017,Iceland,20.0,338349.0,5.91105633
2017,2017,Ireland,263.0,4799157.0,5.49705155
2017,2017,Italy,964.0,60066734.0,1.60488166
2017,2017,Latvia,94.0,1950116.0,4.82022607
2017,2017,Lithuania,21.0,2859077.0,0.72524505
2017,2017,Luxembourg,18.0,590667.0,3.04740234
2017,2017,Malta,8.0,459375.0,1.73800828
2017,2017,Netherlands,4505.0,17081507.0,26.37355123
2017,2017,Norway,2424.0,5258317.0,46.09839992
2017,2017,Poland,3061.0,37972964.0,8.06099834
2017,2017,Portugal,115.0,10344478.0,1.11546811
2017,2017,Romania,95.0,19643949.0,0.48360948
2017,2017,Slovakia,191.0,5435343.0,3.51403766
2017,2017,Slovenia,214.0,2065895.0,10.35870651
2017,2017,Spain,4069.0,46497393.0,8.74526715
2017,2017,Sweden,805.0,9995153.0,8.05390372
2017,2017,United Kingdom,4341.0,65844142.0,6.59284162
2018,2018,Austria,2202.0,8822267.0,24.95957104
2018,2018,Belgium,853.0,11398589.0,
2018,2018,Bulgaria,114.0,6757418.0,1.6870349
2018,2018,Croatia,129.0,4014341.0,3.21347887
2018,2018,Cyprus,0.0,878601.0,0.0
2018,2018,Czechia,752.0,10610055.0,7.08761641
2018,2018,Denmark,1023.0,5781190.0,17.69531878
2018,2018,Estonia,69.0,1319133.0,5.23070835
2018,2018,Finland,477.0,5513130.0,8.65207241
2018,2018,France,140.0,67026224.0,
2018,2018,Germany,12494.0,82792351.0,15.09076605
2018,2018,Greece,18.0,10741165.0,0.16757958
2018,2018,Hungary,23.0,9713655.0,0.235213
2018,2018,Iceland,15.0,348450.0,4.3047783
2018,2018,Ireland,118.0,4855733.0,2.44286592
2018,2018,Italy,962.0,59937769.0,1.60499801
2018,2018,Latvia,159.0,1934379.0,8.21969221
2018,2018,Lithuania,27.0,2826200.0,0.94436071
2018,2018,Luxembourg,9.0,602005.0,1.49500419
2018,2018,Malta,6.0,474837.0,1.26129648
2018,2018,Netherlands,4312.0,17181084.0,25.09736871
2018,2018,Norway,2476.0,5295619.0,46.75562951
2018,2018,Poland,1548.0,37976687.0,4.07618494
2018,2018,Portugal,60.0,10335770.0,0.58303218
2018,2018,Romania,93.0,19533481.0,0.47610561
2018,2018,Slovakia,376.0,5443120.0,6.90780287
2018,2018,Slovenia,213.0,2066880.0,10.30538783
2018,2018,Spain,2681.0,46645070.0,5.74601207
2018,2018,Sweden,739.0,10120242.0,7.30219692
2018,2018,United Kingdom,2985.0,66273576.0,4.50405754
2019,2019,Austria,2233.0,8858775.0,25.20664538
2019,2019,Belgium,690.0,11455519.0,
2019,2019,Bulgaria,72.0,6664177.0,1.08040347
2019,2019,Croatia,57.0,3968676.0,1.43624725
2019,2019,Cyprus,2.0,890194.0,0.22833682
2019,2019,Czechia,1347.0,10649800.0,12.64812484
2019,2019,Denmark,3691.0,5806081.0,63.57127983
2019,2019,Estonia,135.0,1324820.0,10.19006355
2019,2019,Finland,557.0,5517919.0,10.09438522
2019,2019,France,36.0,67290471.0,
2019,2019,Germany,9485.0,83019213.0,11.42506614
2019,2019,Greece,20.0,10724599.0,0.18648715
2019,2019,Hungary,7.0,9700272.0,0.07162769
2019,2019,Iceland,6.0,356991.0,1.68071463
2019,2019,Ireland,164.0,4940311.0,3.34404515
2019,2019,Italy,755.0,59816673.0,1.26218989
2019,2019,Latvia,719.0,1919968.0,37.4485408
2019,2019,Lithuania,26.0,2812200.0,0.9199632
2019,2019,Luxembourg,10.0,613894.0,1.62894571
2019,2019,Malta,15.0,492968.0,3.03915033
2019,2019,Netherlands,5885.0,17282163.0,34.05245049
2019,2019,Norway,2536.0,5328212.0,47.59570377
2019,2019,Poland,1629.0,37972812.0,4.28991142
2019,2019,Portugal,83.0,10333496.0,0.80765878
2019,2019,Romania,110.0,19414458.0,0.56658805
2019,2019,Slovakia,702.0,5450421.0,12.87973901
2019,2019,Slovenia,129.0,2080908.0,6.19921688
2019,2019,Spain,2585.0,46918951.0,5.50737519
2019,2019,Sweden,782.0,10230185.0,7.64404553
2019,2019,United Kingdom,3680.0,66647112.0,5.5216196
2020,2020,Austria,632.0,8901064.0,7.10027475
2020,2020,Belgium,124.0,11522440.0,
2020,2020,Bulgaria,27.0,6569275.0,0.41100425
2020,2020,Croatia,10.0,3933511.0,0.2542258
2020,2020,Cyprus,8.0,902429.0,0.90089582
2020,2020,Czechia,696.0,10693939.0,6.50835954
2020,2020,Denmark,2390.0,5822763.0,41.04580591
2020,2020,Estonia,44.0,1328976.0,3.31081975
2020,2020,Finland,290.0,5525292.0,5.24859138
2020,2020,France,34.0,67473651.0,
2020,2020,Germany,3212.0,83166711.0,3.86212218
2020,2020,Greece,8.0,10718565.0,0.07463685
2020,2020,Hungary,13.0,9689376.0,0.13306684
2020,2020,Iceland,0.0,364134.0,0.0
2020,2020,Ireland,66.0,5012600.0,1.32945508
2020,2020,Italy,189.0,59641488.0,0.3168935
2020,2020,Latvia,340.0,1907675.0,17.82274234
2020,2020,Lithuania,68.0,2809977.0,2.4180357
2020,2020,Luxembourg,3.0,626108.0,0.47915056
2020,2020,Malta,10.0,514855.0,1.94339285
2020,2020,Netherlands,1124.0,17407585.0,6.4569554
2020,2020,Norway,812.0,5367580.0,15.12786022
2020,2020,Poland,753.0,37958138.0,1.98376432
2020,2020,Portugal,33.0,10375395.0,0.32051565
2020,2020,Romania,18.0,19328838.0,0.0931251
2020,2020,Slovakia,700.0,5457873.0,12.82550913
2020,2020,Slovenia,42.0,2095861.0,2.00394968
2020,2020,Spain,206.0,47318050.0,0.43521788
2020,2020,Sweden,269.0,10327589.0,2.60467375
2020,2020,United Kingdom,,67025542.0,
2021,2021,Austria,129.0,8932664.0,1.44413805
2021,2021,Belgium,16.0,11554767.0,
2021,2021,Bulgaria,3.0,6532117.0,0.04592691
2021,2021,Croatia,7.0,3893026.0,0.17980871
2021,2021,Cyprus,2.0,914476.0,0.22321254
2021,2021,Czechia,51.0,10494836.0,0.48595328
2021,2021,Denmark,80.0,5840045.0,1.36985245
2021,2021,Estonia,13.0,1330068.0,0.97739363
2021,2021,Finland,33.0,5533793.0,0.596336
2021,2021,France,0.0,67728568.0,
2021,2021,Germany,776.0,83155031.0,0.93319669
2021,2021,Greece,0.0,10678632.0,0.0
2021,2021,Hungary,0.0,9651461.0,0.0
2021,2021,Iceland,0.0,368792.0,0.0
2021,2021,Ireland,5.0,5066893.0,0.09987367
2021,2021,Italy,5.0,59236213.0,0.00844078
2021,2021,Latvia,9.0,1893223.0,0.47537981
2021,2021,Lithuania,0.0,2810761.0,0.0
2021,2021,Luxembourg,3.0,634730.0,0.47264191
2021,2021,Malta,0.0,516125.0,0.0
2021,2021,Netherlands,153.0,17475415.0,0.87551568
2021,2021,Norway,38.0,5391369.0,0.70483025
2021,2021,Poland,182.0,37073357.0,0.49091858
2021,2021,Portugal,3.0,10394297.0,0.02913115
2021,2021,Romania,1.0,19201662.0,0.00520788
2021,2021,Slovakia,92.0,5459781.0,1.68504927
2021,2021,Slovenia,6.0,2108977.0,0.28449812
2021,2021,Spain,39.0,47400798.0,0.08228074
2021,2021,Sweden,11.0,10379295.0,0.10598022
2021,2021,United Kingdom,,,
2022,2022,Austria,164.0,8978929.0,1.82649846
2022,2022,Belgium,80.0,11617623.0,
2022,2022,Bulgaria,21.0,6482484.0,0.32394989
2022,2022,Croatia,0.0,3862305.0,0.0
2022,2022,Cyprus,0.0,929764.0,0.0
2022,2022,Czechia,96.0,10516707.0,0.91283326
2022,2022,Denmark,54.0,5873420.0,0.91939619
2022,2022,Estonia,8.0,1331796.0,0.60069259
2022,2022,Finland,35.0,5548241.0,0.63083056
2022,2022,France,4.0,68091703.0,
2022,2022,Germany,1191.0,83237124.0,1.43085193
2022,2022,Greece,1.0,10461627.0,0.00956042
2022,2022,Hungary,2.0,9610403.0,0.02064194
2022,2022,Iceland,0.0,376248.0,0.0
2022,2022,Ireland,7.0,5154277.0,0.13833981
2022,2022,Italy,62.0,59030133.0,0.1050311
2022,2022,Latvia,46.0,1875757.0,2.45234324
2022,2022,Lithuania,2.0,2805998.0,0.07127588
2022,2022,Luxembourg,3.0,645397.0,0.46483017
2022,2022,Malta,0.0,520174.0,0.0
2022,2022,Netherlands,276.0,17590672.0,1.56901339
2022,2022,Norway,44.0,5425270.0,0.81101954
2022,2022,Poland,371.0,36889761.0,1.00569911
2022,2022,Portugal,9.0,10421117.0,0.08693936
2022,2022,Romania,9.0,19042455.0,0.04726281
2022,2022,Slovakia,109.0,5434712.0,2.00562605
2022,2022,Slovenia,51.0,2107180.0,2.42029632
2022,2022,Spain,72.0,47486843.0,0.15179339
2022,2022,Sweden,13.0,10452326.0,0.12437423
2022,2022,United Kingdom,,,
2023,2023,Austria,2791.0,9104772.0,30.65425471
2023,2023,Belgium,1046.0,11742796.0,
2023,2023,Bulgaria,20.0,6447710.0,0.31018764
2023,2023,Croatia,4806.0,3850894.0,124.80218879
2023,2023,Cyprus,2.0,949084.0,0.21722578
2023,2023,Czechia,494.0,10827529.0,4.56244448
2023,2023,Denmark,6058.0,5932654.0,102.11281493
2023,2023,Estonia,30.0,1365884.0,2.19637978
2023,2023,Finland,130.0,5563970.0,2.33646119
2023,2023,France,41.0,68277210.0,
2023,2023,Germany,2318.0,83118501.0,2.74778536
2023,2023,Greece,9.0,10413982.0,0.08642227
2023,2023,Hungary,2.0,9599744.0,0.02083388
2023,2023,Iceland,0.0,387758.0,0.0
2023,2023,Ireland,18.0,5271395.0,0.34146558
2023,2023,Italy,132.0,58997201.0,0.22373942
2023,2023,Latvia,111.0,1883008.0,5.8948236
2023,2023,Lithuania,7.0,2857279.0,0.24498832
2023,2023,Luxembourg,15.0,660809.0,2.26994487
2023,2023,Malta,4.0,542051.0,0.73793794
2023,2023,Netherlands,2943.0,17811291.0,16.52322675
2023,2023,Norway,1201.0,5488984.0,21.88018766
2023,2023,Poland,922.0,36753736.0,2.50858851
2023,2023,Portugal,21.0,10516621.0,0.1996839
2023,2023,Romania,16.0,19054548.0,0.08396945
2023,2023,Slovakia,221.0,5428792.0,4.07088722
2023,2023,Slovenia,123.0,2116972.0,5.81018549
2023,2023,Spain,2414.0,48085361.0,5.0202389
2023,2023,Sweden,138.0,10521556.0,1.31159307
2023,2023,United Kingdom,,,
